timestamp,raw_value,attention,label
1644037244.096214,56,0,0
1644037244.098711,38,0,0
1644037244.09996,37,0,0
1644037244.101179,35,0,0
1644037244.103719,24,0,0
1644037244.106692,18,0,0
1644037244.10746,13,0,0
1644037244.108709,16,0,0
1644037244.1112719,11,0,0
1644037244.1137311,-11,0,0
1644037244.114971,-35,0,0
1644037244.178748,-11,0,0
1644037244.179965,-4,0,0
1644037244.18124,-24,0,0
1644037244.183717,-26,0,0
1644037244.1908429,-6,0,0
1644037244.190885,11,0,0
1644037244.19093,32,0,0
1644037244.191017,53,0,0
1644037244.191108,59,0,0
1644037244.191148,71,0,0
1644037244.1911838,97,0,0
1644037244.1912189,105,0,0
1644037244.191255,91,0,0
1644037244.191338,72,0,0
1644037244.191392,60,0,0
1644037244.191442,51,0,0
1644037244.191478,35,0,0
1644037244.191513,10,0,0
1644037244.191595,4,0,0
1644037244.191648,20,0,0
1644037244.1917162,28,0,0
1644037244.1917691,17,0,0
1644037244.191807,9,0,0
1644037244.191854,28,0,0
1644037244.191909,54,0,0
1644037244.191963,64,0,0
1644037244.192008,58,0,0
1644037244.192044,39,0,0
1644037244.192079,37,0,0
1644037244.19213,43,0,0
1644037244.192193,36,0,0
1644037244.192249,22,0,0
1644037244.1923041,17,0,0
1644037244.192383,10,0,0
1644037244.1924229,5,0,0
1644037244.192459,-3,0,0
1644037244.192523,-17,0,0
1644037244.1936939,-20,0,0
1644037244.194932,-17,0,0
1644037244.19882,-1,0,0
1644037244.19886,25,0,0
1644037244.201204,26,0,0
1644037244.203735,5,0,0
1644037244.203799,-11,0,0
1644037244.204942,-26,0,0
1644037244.206236,-28,0,0
1644037244.207472,-12,0,0
1644037244.208767,6,0,0
1644037244.211245,5,0,0
1644037244.212439,-13,0,0
1644037244.214977,-11,0,0
1644037244.2187781,7,0,0
1644037244.219948,34,0,0
1644037244.221184,56,0,0
1644037244.223694,60,0,0
1644037244.224929,40,0,0
1644037244.226202,11,0,0
1644037244.228724,12,0,0
1644037244.229973,21,0,0
1644037244.233699,10,0,0
1644037244.234965,-10,0,0
1644037244.236224,-24,0,0
1644037244.238771,-1,0,0
1644037244.239979,34,0,0
1644037244.2411551,50,0,0
1644037244.243668,42,0,0
1644037244.246164,41,0,0
1644037244.248676,52,0,0
1644037244.249931,52,0,0
1644037244.252428,41,0,0
1644037244.253672,36,0,0
1644037244.254961,33,0,0
1644037244.257468,20,0,0
1644037244.259958,6,0,0
1644037244.261204,-5,0,0
1644037244.2636642,-8,0,0
1644037244.2649448,3,0,0
1644037244.267502,-3,0,0
1644037244.268663,-25,0,0
1644037244.271199,-23,0,0
1644037244.273709,-14,0,0
1644037244.274951,-14,0,0
1644037244.27873,-6,0,0
1644037244.279913,11,0,0
1644037244.281194,23,0,0
1644037244.2836878,24,0,0
1644037244.2849312,23,0,0
1644037244.2862341,33,0,0
1644037244.288694,40,0,0
1644037244.29122,53,0,0
1644037244.293687,72,0,0
1644037244.294934,82,0,0
1644037244.297437,70,0,0
1644037244.298721,68,0,0
1644037244.299969,86,0,0
1644037244.302479,98,0,0
1644037244.30498,90,0,0
1644037244.3062232,72,0,0
1644037244.308754,58,0,0
1644037244.309918,60,0,0
1644037244.312433,69,0,0
1644037244.313665,61,0,0
1644037244.3161888,60,0,0
1644037244.31743,66,0,0
1644037244.319953,56,0,0
1644037244.323751,43,0,0
1644037244.3249888,24,0,0
1644037244.326237,21,0,0
1644037244.3286898,35,0,0
1644037244.329957,33,0,0
1644037244.331212,9,0,0
1644037244.333657,-14,0,0
1644037244.3362172,-13,0,0
1644037244.3387039,18,0,0
1644037244.33994,44,0,0
1644037244.3412118,56,0,0
1644037244.34368,40,0,0
1644037244.346271,23,0,0
1644037244.34748,22,0,0
1644037244.348713,21,0,0
1644037244.351237,24,0,0
1644037244.35375,35,0,0
1644037244.354935,41,0,0
1644037244.3574872,33,0,0
1644037244.358729,12,0,0
1644037244.3611782,7,0,0
1644037244.362445,25,0,0
1644037244.3650188,48,0,0
1644037244.368703,57,0,0
1644037244.369931,45,0,0
1644037244.371218,36,0,0
1644037244.37254,51,0,0
1644037244.376247,54,0,0
1644037244.38002,45,0,0
1644037244.381183,52,0,0
1644037244.383788,61,0,0
1644037244.384945,67,0,0
1644037244.3863301,76,0,0
1644037244.390041,91,0,0
1644037244.390105,107,0,0
1644037244.391179,113,0,0
1644037244.3924391,105,0,0
1644037244.3936799,97,0,0
1644037244.396207,87,0,0
1644037244.398724,75,0,0
1644037244.399924,65,0,0
1644037244.403716,44,0,0
1644037244.404983,34,0,0
1644037244.406236,21,0,0
1644037244.408718,12,0,0
1644037244.409996,27,0,0
1644037244.4111779,41,0,0
1644037244.413693,34,0,0
1644037244.416207,22,0,0
1644037244.4199848,6,0,0
1644037244.421221,-1,0,0
1644037244.422475,4,0,0
1644037244.4249768,17,0,0
1644037244.426219,24,0,0
1644037244.42869,23,0,0
1644037244.4712598,19,0,0
1644037244.4737332,26,0,0
1644037244.474934,59,0,0
1644037244.476151,87,0,0
1644037244.479917,88,0,0
1644037244.479993,70,0,0
1644037244.4800708,41,0,0
1644037244.480109,17,0,0
1644037244.480145,-2,0,0
1644037244.48018,-13,0,0
1644037244.480216,-22,0,0
1644037244.4802518,-5,0,0
1644037244.480287,16,0,0
1644037244.480323,25,0,0
1644037244.480358,26,0,0
1644037244.4803982,13,0,0
1644037244.480438,5,0,0
1644037244.480474,9,0,0
1644037244.480509,17,0,0
1644037244.480544,11,0,0
1644037244.4805791,18,0,0
1644037244.480615,39,0,0
1644037244.48065,65,0,0
1644037244.480685,70,0,0
1644037244.480721,66,0,0
1644037244.4849741,43,0,0
1644037244.486157,17,0,0
1644037244.488719,16,0,0
1644037244.489959,23,0,0
1644037244.491242,5,0,0
1644037244.491284,-17,0,0
1644037244.4924421,-34,0,0
1644037244.49367,-23,0,0
1644037244.4961832,2,0,0
1644037244.4974248,8,0,0
1644037244.498719,3,0,0
1644037244.499964,-2,0,0
1644037244.503731,-2,0,0
1644037244.5049758,16,0,0
1644037244.506287,24,0,0
1644037244.507481,28,0,0
1644037244.50996,25,0,0
1644037244.5125031,8,0,0
1644037244.513676,-7,0,0
1644037244.5149398,-7,0,0
1644037244.518683,-8,0,0
1644037244.520022,-27,0,0
1644037244.521219,-44,0,0
1644037244.5225012,-29,0,0
1644037244.525024,-10,0,0
1644037244.527505,0,0,0
1644037244.528707,9,0,0
1644037244.53121,22,0,0
1644037244.5337138,39,0,0
1644037244.5349371,40,0,0
1644037244.5374389,28,0,0
1644037244.538719,21,0,0
1644037244.541187,16,0,0
1644037244.5425432,0,0,0
1644037244.544998,-13,0,0
1644037244.546197,-14,0,0
1644037244.5486999,-18,0,0
1644037244.549908,-29,0,0
1644037244.552452,-36,0,0
1644037244.554969,-24,0,0
1644037244.556222,6,0,0
1644037244.5587142,29,0,0
1644037244.5637262,36,0,0
1644037244.5649369,34,0,0
1644037244.567513,27,0,0
1644037244.5686998,21,0,0
1644037244.569967,26,0,0
1644037244.571191,44,0,0
1644037244.573817,72,0,0
1644037244.576226,92,0,0
1644037244.5787241,93,0,0
1644037244.579979,72,0,0
1644037244.5811782,49,0,0
1644037244.582431,34,0,0
1644037244.585036,44,0,0
1644037244.586217,60,0,0
1644037244.587494,65,0,0
1644037244.589995,54,0,0
1644037244.591203,45,0,0
1644037244.593707,44,0,0
1644037244.59494,36,0,0
1644037244.597462,36,0,0
1644037244.6000268,59,0,0
1644037244.601213,83,0,0
1644037244.603852,87,0,0
1644037244.6055,69,0,0
1644037244.608812,51,0,0
1644037244.610912,43,0,0
1644037244.626204,48,0,0
1644037244.628907,54,0,0
1644037244.6301708,44,0,0
1644037244.630213,20,0,0
1644037244.630292,2,0,0
1644037244.6303291,5,0,0
1644037244.630368,34,0,0
1644037244.630404,44,0,0
1644037244.6304388,28,0,0
1644037244.6304882,11,0,0
1644037244.631236,2,0,0
1644037244.632431,4,0,0
1644037244.634924,10,0,0
1644037244.636131,17,0,0
1644037244.63867,12,0,0
1644037244.6399639,-2,0,0
1644037244.6424232,-18,0,0
1644037244.643775,-9,0,0
1644037244.646189,0,0,0
1644037244.648674,1,0,0
1644037244.6499462,5,0,0
1644037244.653661,9,0,0
1644037244.654946,10,0,0
1644037244.656228,19,0,0
1644037244.6588538,35,0,0
1644037244.660078,38,0,0
1644037244.661437,39,0,0
1644037244.6637921,32,0,0
1644037244.666487,38,0,0
1644037244.668745,55,0,0
1644037244.670043,56,0,0
1644037244.671197,57,0,0
1644037244.673717,69,0,0
1644037244.675,73,0,0
1644037244.677554,60,0,0
1644037244.678684,48,0,0
1644037244.68116,48,0,0
1644037244.683748,59,0,0
1644037244.6849952,65,0,0
1644037244.687531,57,0,0
1644037244.6886961,50,0,0
1644037244.725207,48,0,0
1644037244.726305,38,0,0
1644037244.72877,28,0,0
1644037244.7788749,33,0,0
1644037244.781116,48,0,0
1644037244.781303,69,0,0
1644037244.78135,81,0,0
1644037244.781387,77,0,0
1644037244.781424,58,0,0
1644037244.78146,33,0,0
1644037244.781496,28,0,0
1644037244.7815309,55,0,0
1644037244.781604,76,0,0
1644037244.781646,65,0,0
1644037244.781684,37,0,0
1644037244.7817202,35,0,0
1644037244.781756,44,0,0
1644037244.781792,51,0,0
1644037244.7818282,57,0,0
1644037244.781863,42,0,0
1644037244.782454,13,0,0
1644037244.786593,17,0,0
1644037244.786667,41,0,0
1644037244.786742,71,0,0
1644037244.7868109,92,0,0
1644037244.786871,99,0,0
1644037244.78691,92,0,0
1644037244.7869482,83,0,0
1644037244.7869859,81,0,0
1644037244.787023,66,0,0
1644037244.787067,41,0,0
1644037244.78717,16,0,0
1644037244.787225,-4,0,0
1644037244.787283,-12,0,0
1644037244.787323,-2,0,0
1644037244.787362,32,0,0
1644037244.7873979,60,0,0
1644037244.787434,77,0,0
1644037244.78747,75,0,0
1644037244.787528,52,0,0
1644037244.787615,32,0,0
1644037244.7876852,33,0,0
1644037244.787721,42,0,0
1644037244.7877572,38,0,0
1644037244.7878091,36,0,0
1644037244.787853,34,0,0
1644037244.78789,27,0,0
1644037244.788737,21,0,0
1644037244.790016,11,0,0
1644037244.792459,7,0,0
1644037244.7938519,10,0,0
1644037244.7938979,3,0,0
1644037244.7950342,-4,0,0
1644037244.7962399,-3,0,0
1644037244.798712,3,0,0
1644037244.799972,9,0,0
1644037244.801209,2,0,0
1644037244.803722,7,0,0
1644037244.804947,23,0,0
1644037244.80621,35,0,0
1644037244.8087869,33,0,0
1644037244.810011,33,0,0
1644037244.8124428,26,0,0
1644037244.814923,18,0,0
1644037244.816213,12,0,0
1644037244.818708,12,0,0
1644037244.820033,11,0,0
1644037244.821184,13,0,0
1644037244.8237498,18,0,0
1644037244.8262122,22,0,0
1644037244.827436,28,0,0
1644037244.829953,36,0,0
1644037244.8311849,37,0,0
1644037244.8339782,35,0,0
1644037244.8364,36,0,0
1644037244.837595,33,0,0
1644037244.8399942,25,0,0
1644037244.8424551,24,0,0
1644037244.8438,28,0,0
1644037244.844998,42,0,0
1644037244.848654,66,0,0
1644037244.849972,70,0,0
1644037244.85128,53,0,0
1644037244.8537421,34,0,0
1644037244.854976,25,0,0
1644037244.857491,32,0,0
1644037244.8587341,33,0,0
1644037244.86121,28,0,0
1644037244.8636422,33,0,0
1644037244.865039,28,0,0
1644037244.8674612,37,0,0
1644037244.868671,40,0,0
1644037244.871163,23,0,0
1644037244.87252,12,0,0
1644037244.875077,12,0,0
1644037244.878811,9,0,0
1644037244.879997,12,0,0
1644037244.881168,22,0,0
1644037244.883666,38,0,0
1644037244.8850071,54,0,0
1644037244.886188,55,0,0
1644037244.888754,56,0,0
1644037244.889987,43,0,0
1644037244.893806,20,0,0
1644037244.894908,3,0,0
1644037244.896242,8,0,0
1644037244.898666,28,0,0
1644037244.900049,27,0,0
1644037244.902445,10,0,0
1644037244.9049852,6,0,0
1644037244.9062269,3,0,0
1644037244.908703,17,0,0
1644037244.9099789,40,0,0
1644037244.9112031,44,0,0
1644037244.913725,49,0,0
1644037244.9161868,53,0,0
1644037244.917459,54,0,0
1644037244.9201138,58,0,0
1644037244.9212868,66,0,0
1644037244.9236941,76,0,0
1644037244.92783,77,0,0
1644037244.928778,67,0,0
1644037244.9313228,49,0,0
1644037244.932585,33,0,0
1644037244.933745,24,0,0
1644037244.935185,35,0,0
1644037244.938754,45,0,0
1644037244.940043,69,0,0
1644037244.9412951,91,0,0
1644037244.9424498,98,0,0
1644037244.9449441,81,0,0
1644037244.947493,40,0,0
1644037244.9487329,3,0,0
1644037244.9512908,-3,0,0
1644037244.953683,16,0,0
1644037244.954985,35,0,0
1644037244.957848,38,0,0
1644037244.958675,34,0,0
1644037244.960247,35,0,0
1644037244.962585,41,0,0
1644037244.965027,54,0,0
1644037244.966159,66,0,0
1644037244.968776,67,0,0
1644037244.970062,55,0,0
1644037244.972537,38,0,0
1644037244.974956,23,0,0
1644037244.976269,10,0,0
1644037244.9787462,-1,0,0
1644037244.9799428,-6,0,0
1644037244.9838212,17,0,0
1644037244.98507,55,0,0
1644037244.986475,64,0,0
1644037244.988749,39,0,0
1644037244.989999,7,0,0
1644037244.992522,3,0,0
1644037244.993686,27,0,0
1644037244.996201,51,0,0
1644037244.998819,49,0,0
1644037244.999945,29,0,0
1644037245.001317,8,0,0
1644037245.003689,-9,0,0
1644037245.006243,-22,0,0
1644037245.007464,-24,0,0
1644037245.008748,-22,0,0
1644037245.011296,-8,0,0
1644037245.01383,9,0,0
1644037245.0149891,21,0,0
1644037245.0175161,24,0,0
1644037245.0187578,32,0,0
1644037245.021271,35,0,0
1644037245.023726,33,0,0
1644037245.025068,33,0,0
1644037245.028918,37,0,0
1644037245.073762,36,0,0
1644037245.0750542,19,0,0
1644037245.082707,-18,0,0
1644037245.0827541,-34,0,0
1644037245.082794,-23,0,0
1644037245.082836,-17,0,0
1644037245.0828748,-8,0,0
1644037245.082915,8,0,0
1644037245.082954,27,0,0
1644037245.0829928,42,0,0
1644037245.083031,44,0,0
1644037245.083071,28,0,0
1644037245.0831091,17,0,0
1644037245.083162,19,0,0
1644037245.083206,23,0,0
1644037245.083243,24,0,0
1644037245.0832798,12,0,0
1644037245.0833158,-1,0,0
1644037245.083353,1,0,0
1644037245.08339,8,0,0
1644037245.0834272,24,0,0
1644037245.0834649,42,0,0
1644037245.083502,42,0,0
1644037245.083543,40,0,0
1644037245.083647,43,0,0
1644037245.0836952,41,0,0
1644037245.0850382,39,0,0
1644037245.086281,50,0,0
1644037245.088713,57,0,0
1644037245.090026,49,0,0
1644037245.090066,49,0,0
1644037245.092461,68,0,0
1644037245.093736,87,0,0
1644037245.094964,87,0,0
1644037245.0962,83,0,0
1644037245.097714,80,0,0
1644037245.0989308,74,0,0
1644037245.1012428,56,0,0
1644037245.1037598,33,0,0
1644037245.1050408,18,0,0
1644037245.108767,22,0,0
1644037245.1100821,28,0,0
1644037245.1113842,25,0,0
1644037245.113856,25,0,0
1644037245.1150851,52,0,0
1644037245.118803,84,0,0
1644037245.12004,84,0,0
1644037245.12131,66,0,0
1644037245.1225028,54,0,0
1644037245.125025,38,0,0
1644037245.1275961,45,0,0
1644037245.128725,57,0,0
1644037245.12994,28,0,0
1644037245.1338072,-5,0,0
1644037245.1350121,0,0,0
1644037245.136341,27,0,0
1644037245.138737,49,0,0
1644037245.140063,44,0,0
1644037245.142504,42,0,0
1644037245.143871,60,0,0
1644037245.146333,87,0,0
1644037245.148768,83,0,0
1644037245.1502059,51,0,0
1644037245.152545,28,0,0
1644037245.153833,28,0,0
1644037245.15624,37,0,0
1644037245.1574342,44,0,0
1644037245.160052,55,0,0
1644037245.163771,53,0,0
1644037245.165042,37,0,0
1644037245.166265,23,0,0
1644037245.168739,32,0,0
1644037245.170003,57,0,0
1644037245.171168,70,0,0
1644037245.1737118,58,0,0
1644037245.175016,44,0,0
1644037245.178758,29,0,0
1644037245.180044,16,0,0
1644037245.1811688,11,0,0
1644037245.1837351,9,0,0
1644037245.185055,1,0,0
1644037245.187445,-10,0,0
1644037245.18869,-26,0,0
1644037245.191215,-35,0,0
1644037245.1936839,-37,0,0
1644037245.195005,-34,0,0
1644037245.1962008,-35,0,0
1644037245.198794,-37,0,0
1644037245.201254,-23,0,0
1644037245.2026129,-2,0,0
1644037245.205042,19,0,0
1644037245.2062469,36,0,0
1644037245.208766,49,0,0
1644037245.2099478,44,0,0
1644037245.2124329,19,0,0
1644037245.215064,-2,0,0
1644037245.2162921,18,0,0
1644037245.2187672,60,0,0
1644037245.2199628,69,0,0
1644037245.2236931,45,0,0
1644037245.224942,33,0,0
1644037245.226191,36,0,0
1644037245.228697,59,0,0
1644037245.230046,69,0,0
1644037245.2324421,59,0,0
1644037245.233773,54,0,0
1644037245.236192,49,0,0
1644037245.238741,54,0,0
1644037245.240065,68,0,0
1644037245.2425091,57,0,0
1644037245.243768,41,0,0
1644037245.2462678,39,0,0
1644037245.24876,42,0,0
1644037245.25001,43,0,0
1644037245.251282,33,0,0
1644037245.25375,19,0,0
1644037245.2549472,13,0,0
1644037245.257521,11,0,0
1644037245.25998,-3,0,0
1644037245.261276,-21,0,0
1644037245.26368,-33,0,0
1644037245.2650108,-34,0,0
1644037245.2687402,-33,0,0
1644037245.270197,-28,0,0
1644037245.271283,-23,0,0
1644037245.272497,-5,0,0
1644037245.2750132,27,0,0
1644037245.2775161,53,0,0
1644037245.278711,52,0,0
1644037245.281208,48,0,0
1644037245.283715,52,0,0
1644037245.285016,48,0,0
1644037245.2861922,40,0,0
1644037245.2900438,28,0,0
1644037245.2911968,26,0,0
1644037245.292522,43,0,0
1644037245.2950442,55,0,0
1644037245.296226,38,0,0
1644037245.2988632,21,0,0
1644037245.300006,34,0,0
1644037245.302565,56,0,0
1644037245.3050601,66,0,0
1644037245.306282,57,0,0
1644037245.308804,42,0,0
1644037245.310153,35,0,0
1644037245.313764,43,0,0
1644037245.315091,68,0,0
1644037245.316431,72,0,0
1644037245.318754,54,0,0
1644037245.320034,35,0,0
1644037245.32268,36,0,0
1644037245.323937,57,0,0
1644037245.3263319,73,0,0
1644037245.328778,70,0,0
1644037245.395029,61,0,0
1644037245.396312,42,0,0
1644037245.414017,11,0,0
1644037245.417439,1,0,0
1644037245.417483,12,0,0
1644037245.417522,22,0,0
1644037245.417561,2,0,0
1644037245.4176152,-28,0,0
1644037245.417658,-39,0,0
1644037245.417695,-14,0,0
1644037245.417732,0,0,0
1644037245.41777,-14,0,0
1644037245.417807,-36,0,0
1644037245.417844,-40,0,0
1644037245.417881,-12,0,0
1644037245.417918,24,0,0
1644037245.417957,45,0,0
1644037245.418056,54,0,0
1644037245.418096,58,0,0
1644037245.418133,58,0,0
1644037245.418168,55,0,0
1644037245.4182038,50,0,0
1644037245.4182389,32,0,0
1644037245.418275,28,0,0
1644037245.41831,42,0,0
1644037245.418345,49,0,0
1644037245.41838,42,0,0
1644037245.418416,37,0,0
1644037245.4184508,38,0,0
1644037245.418486,36,0,0
1644037245.4185221,22,0,0
1644037245.418562,4,0,0
1644037245.418599,-1,0,0
1644037245.418696,22,0,0
1644037245.4187362,58,0,0
1644037245.418773,75,0,0
1644037245.420207,69,0,0
1644037245.4202518,50,0,0
1644037245.4202912,44,0,0
1644037245.42033,68,0,0
1644037245.420374,83,0,0
1644037245.420413,60,0,0
1644037245.420452,34,0,0
1644037245.420491,23,0,0
1644037245.420544,37,0,0
1644037245.421233,50,0,0
1644037245.422533,40,0,0
1644037245.423716,24,0,0
1644037245.426369,19,0,0
1644037245.427528,12,0,0
1644037245.428766,11,0,0
1644037245.430021,19,0,0
1644037245.4312088,20,0,0
1644037245.433717,21,0,0
1644037245.434968,38,0,0
1644037245.437473,68,0,0
1644037245.438688,98,0,0
1644037245.441328,102,0,0
1644037245.443964,75,0,0
1644037245.445211,61,0,0
1644037245.446323,60,0,0
1644037245.4489632,67,0,0
1644037245.451327,67,0,0
1644037245.4527192,56,0,0
1644037245.4550688,50,0,0
1644037245.45623,60,0,0
1644037245.458772,80,0,0
1644037245.460027,77,0,0
1644037245.463976,75,0,0
1644037245.4652228,67,0,0
1644037245.4664488,53,0,0
1644037245.469016,45,0,0
1644037245.470242,45,0,0
1644037245.473842,54,0,0
1644037245.474981,59,0,0
1644037245.4761941,41,0,0
1644037245.4787111,19,0,0
1644037245.479959,21,0,0
1644037245.482506,25,0,0
1644037245.483756,19,0,0
1644037245.486336,2,0,0
1644037245.4877,-6,0,0
1644037245.49002,-7,0,0
1644037245.491313,-6,0,0
1644037245.4939709,-7,0,0
1644037245.496234,-8,0,0
1644037245.497765,-3,0,0
1644037245.500065,-3,0,0
1644037245.50134,-14,0,0
1644037245.5037692,-37,0,0
1644037245.504992,-68,0,0
1644037245.508767,-74,0,0
1644037245.510031,-34,0,0
1644037245.5114172,11,0,0
1644037245.513958,20,0,0
1644037245.51522,6,0,0
1644037245.517805,-8,0,0
1644037245.518986,-3,0,0
1644037245.523752,22,0,0
1644037245.524974,40,0,0
1644037245.526207,35,0,0
1644037245.528713,21,0,0
1644037245.529972,12,0,0
1644037245.5312052,23,0,0
1644037245.532661,33,0,0
1644037245.5363379,27,0,0
1644037245.5388658,21,0,0
1644037245.5400152,20,0,0
1644037245.541312,20,0,0
1644037245.5427,22,0,0
1644037245.545079,17,0,0
1644037245.546387,6,0,0
1644037245.548954,10,0,0
1644037245.553858,22,0,0
1644037245.5551171,29,0,0
1644037245.557554,34,0,0
1644037245.5588,39,0,0
1644037245.560029,45,0,0
1644037245.5614789,49,0,0
1644037245.562763,48,0,0
1644037245.563957,38,0,0
1644037245.5687501,21,0,0
1644037245.5701308,17,0,0
1644037245.571269,16,0,0
1644037245.5726311,16,0,0
1644037245.573758,27,0,0
1644037245.5762188,34,0,0
1644037245.577466,29,0,0
1644037245.579972,26,0,0
1644037245.581214,26,0,0
1644037245.5837681,24,0,0
1644037245.585155,13,0,0
1644037245.588824,17,0,0
1644037245.5900202,28,0,0
1644037245.59151,35,0,0
1644037245.593842,23,0,0
1644037245.595082,16,0,0
1644037245.5989592,8,0,0
1644037245.600255,-8,0,0
1644037245.601553,-13,0,0
1644037245.6051571,-20,0,0
1644037245.6063051,-35,0,0
1644037245.607629,-34,0,0
1644037245.608992,-7,0,0
1644037245.611309,19,0,0
1644037245.613771,44,0,0
1644037245.6150432,69,0,0
1644037245.616395,69,0,0
1644037245.618965,48,0,0
1644037245.621344,20,0,0
1644037245.622476,6,0,0
1644037245.626267,21,0,0
1644037245.628696,49,0,0
1644037245.681231,61,0,0
1644037245.683757,54,0,0
1644037245.69012,38,0,0
1644037245.690161,9,0,0
1644037245.690198,-2,0,0
1644037245.6902342,25,0,0
1644037245.690273,59,0,0
1644037245.690347,60,0,0
1644037245.690389,43,0,0
1644037245.690426,32,0,0
1644037245.6904619,36,0,0
1644037245.690497,51,0,0
1644037245.6905332,57,0,0
1644037245.690568,52,0,0
1644037245.690604,29,0,0
1644037245.690639,13,0,0
1644037245.6906738,8,0,0
1644037245.69071,-9,0,0
1644037245.690745,-30,0,0
1644037245.6907809,-33,0,0
1644037245.6908522,-9,0,0
1644037245.690892,26,0,0
1644037245.6909282,55,0,0
1644037245.690964,52,0,0
1644037245.690999,28,0,0
1644037245.6910348,21,0,0
1644037245.691073,34,0,0
1644037245.6911092,32,0,0
1644037245.691184,11,0,0
1644037245.69122,0,0,0
1644037245.69276,2,0,0
1644037245.6940532,2,0,0
1644037245.695235,-13,0,0
1644037245.696342,-24,0,0
1644037245.6964018,-4,0,0
1644037245.699011,24,0,0
1644037245.700274,41,0,0
1644037245.701458,57,0,0
1644037245.703756,82,0,0
1644037245.70511,114,0,0
1644037245.706235,133,0,0
1644037245.7089221,117,0,0
1644037245.7114701,70,0,0
1644037245.712815,38,0,0
1644037245.715082,40,0,0
1644037245.7164931,55,0,0
1644037245.718892,56,0,0
1644037245.720216,49,0,0
1644037245.722521,40,0,0
1644037245.725025,37,0,0
1644037245.72623,50,0,0
1644037245.727469,58,0,0
1644037245.729974,49,0,0
1644037245.7338119,27,0,0
1644037245.735125,8,0,0
1644037245.736476,9,0,0
1644037245.73876,26,0,0
1644037245.7400682,32,0,0
1644037245.741411,21,0,0
1644037245.744009,10,0,0
1644037245.746258,10,0,0
1644037245.748814,22,0,0
1644037245.7500641,29,0,0
1644037245.752552,21,0,0
1644037245.753969,-7,0,0
1644037245.755111,-28,0,0
1644037245.757576,-33,0,0
1644037245.760111,-26,0,0
1644037245.761321,-18,0,0
1644037245.763774,-19,0,0
1644037245.7650821,-34,0,0
1644037245.767731,-46,0,0
1644037245.76899,-42,0,0
1644037245.771245,-20,0,0
1644037245.772536,-2,0,0
1644037245.774985,3,0,0
1644037245.778721,18,0,0
1644037245.77998,25,0,0
1644037245.7812119,4,0,0
1644037245.783814,-24,0,0
1644037245.78514,-24,0,0
1644037245.786465,0,0,0
1644037245.788825,28,0,0
1644037245.791455,56,0,0
1644037245.794015,73,0,0
1644037245.79525,60,0,0
1644037245.796309,44,0,0
1644037245.7988422,53,0,0
1644037245.800086,72,0,0
1644037245.802523,75,0,0
1644037245.80512,53,0,0
1644037245.806347,29,0,0
1644037245.808952,26,0,0
1644037245.8101969,34,0,0
1644037245.81258,38,0,0
1644037245.8138309,37,0,0
1644037245.8162382,34,0,0
1644037245.817621,40,0,0
1644037245.8202538,49,0,0
1644037245.823818,39,0,0
1644037245.82496,18,0,0
1644037245.8262742,0,0,0
1644037245.828723,-20,0,0
1644037245.829979,-33,0,0
1644037245.8312252,-36,0,0
1644037245.833864,-45,0,0
1644037245.836284,-55,0,0
1644037245.8387442,-58,0,0
1644037245.842552,-46,0,0
1644037245.843851,-34,0,0
1644037245.845252,-20,0,0
1644037245.846252,2,0,0
1644037245.848938,49,0,0
1644037245.850336,89,0,0
1644037245.851347,99,0,0
1644037245.853776,90,0,0
1644037245.855117,67,0,0
1644037245.857573,53,0,0
1644037245.858834,75,0,0
1644037245.861274,115,0,0
1644037245.8628302,121,0,0
1644037245.865037,100,0,0
1644037245.868969,80,0,0
1644037245.870137,71,0,0
1644037245.871298,75,0,0
1644037245.87393,81,0,0
1644037245.875047,73,0,0
1644037245.876222,64,0,0
1644037245.8787992,53,0,0
1644037245.87998,44,0,0
1644037245.8837109,38,0,0
1644037245.8851168,35,0,0
1644037245.8864691,41,0,0
1644037245.888762,56,0,0
1644037245.890083,80,0,0
1644037245.892718,89,0,0
1644037245.893976,87,0,0
1644037245.896273,70,0,0
1644037245.898955,52,0,0
1644037245.9002612,42,0,0
1644037245.902571,36,0,0
1644037245.903868,34,0,0
1644037245.906261,28,0,0
1644037245.907577,12,0,0
1644037245.9100459,-17,0,0
1644037245.913831,-20,0,0
1644037245.915097,-26,0,0
1644037245.9163399,-50,0,0
1644037245.9188569,-68,0,0
1644037245.920129,-68,0,0
1644037245.921296,-49,0,0
1644037245.923844,-44,0,0
1644037245.925219,-45,0,0
1644037245.9287648,-26,0,0
1644037245.995167,2,0,0
1644037245.996407,36,0,0
1644037246.022503,60,0,0
1644037246.02877,74,0,0
1644037246.032227,89,0,0
1644037246.032266,101,0,0
1644037246.032303,91,0,0
1644037246.0323389,59,0,0
1644037246.032375,38,0,0
1644037246.0324109,45,0,0
1644037246.0324469,60,0,0
1644037246.032483,65,0,0
1644037246.032518,60,0,0
1644037246.032554,68,0,0
1644037246.0325902,80,0,0
1644037246.032625,77,0,0
1644037246.032661,67,0,0
1644037246.0326972,60,0,0
1644037246.032732,68,0,0
1644037246.032768,67,0,0
1644037246.032803,68,0,0
1644037246.0328388,64,0,0
1644037246.0328808,51,0,0
1644037246.032917,38,0,0
1644037246.032953,35,0,0
1644037246.0329878,34,0,0
1644037246.033024,28,0,0
1644037246.0330591,25,0,0
1644037246.033095,21,0,0
1644037246.03313,4,0,0
1644037246.0331662,-17,0,0
1644037246.033202,-14,0,0
1644037246.033238,-4,0,0
1644037246.033273,4,0,0
1644037246.033309,10,0,0
1644037246.033345,18,0,0
1644037246.033695,33,0,0
1644037246.036051,43,0,0
1644037246.0360901,35,0,0
1644037246.036126,6,0,0
1644037246.036163,-14,0,0
1644037246.0361989,-11,0,0
1644037246.036235,17,0,0
1644037246.036271,26,0,0
1644037246.0363069,18,0,0
1644037246.036342,16,0,0
1644037246.0363781,29,0,0
1644037246.036414,49,0,0
1644037246.036449,43,0,0
1644037246.0364852,34,0,0
1644037246.03652,25,0,0
1644037246.0365582,11,0,0
1644037246.036598,4,0,0
1644037246.0400798,-4,0,0
1644037246.041437,-11,0,0
1644037246.043843,-21,0,0
1644037246.0451021,-10,0,0
1644037246.046266,32,0,0
1644037246.048966,70,0,0
1644037246.051316,80,0,0
1644037246.05265,91,0,0
1644037246.052694,108,0,0
1644037246.0540018,123,0,0
1644037246.055085,128,0,0
1644037246.056331,112,0,0
1644037246.057538,89,0,0
1644037246.060218,73,0,0
1644037246.061486,55,0,0
1644037246.063785,34,0,0
1644037246.065123,6,0,0
1644037246.067713,-1,0,0
1644037246.068981,12,0,0
1644037246.070257,32,0,0
1644037246.071275,34,0,0
1644037246.073837,20,0,0
1644037246.0764632,9,0,0
1644037246.07884,6,0,0
1644037246.080019,0,0,0
1644037246.082485,12,0,0
1644037246.083717,27,0,0
1644037246.08497,25,0,0
1644037246.08749,9,0,0
1644037246.0901198,1,0,0
1644037246.091472,5,0,0
1644037246.093826,10,0,0
1644037246.0950809,2,0,0
1644037246.097567,-12,0,0
1644037246.098743,-22,0,0
1644037246.1014788,-18,0,0
1644037246.103785,-2,0,0
1644037246.104992,11,0,0
1644037246.1088,8,0,0
1644037246.110083,-3,0,0
1644037246.111512,1,0,0
1644037246.113812,24,0,0
1644037246.11509,43,0,0
1644037246.116333,42,0,0
1644037246.118853,35,0,0
1644037246.121258,32,0,0
1644037246.123863,35,0,0
1644037246.1249762,48,0,0
1644037246.127553,70,0,0
1644037246.1287308,86,0,0
1644037246.129975,80,0,0
1644037246.1324852,55,0,0
1644037246.135016,39,0,0
1644037246.1362529,39,0,0
1644037246.138768,53,0,0
1644037246.1403232,56,0,0
1644037246.142499,44,0,0
1644037246.143828,34,0,0
1644037246.146264,34,0,0
1644037246.147605,43,0,0
1644037246.150315,56,0,0
1644037246.153968,60,0,0
1644037246.155117,59,0,0
1644037246.156235,51,0,0
1644037246.158893,51,0,0
1644037246.1602292,40,0,0
1644037246.161473,10,0,0
1644037246.163798,16,0,0
1644037246.1665359,37,0,0
1644037246.16881,32,0,0
1644037246.170063,10,0,0
1644037246.172506,18,0,0
1644037246.1738188,20,0,0
1644037246.175024,8,0,0
1644037246.1777222,-13,0,0
1644037246.1788101,-28,0,0
1644037246.181226,-23,0,0
1644037246.183727,-1,0,0
1644037246.18501,29,0,0
1644037246.187478,50,0,0
1644037246.1887538,51,0,0
1644037246.191297,44,0,0
1644037246.192731,51,0,0
1644037246.195123,60,0,0
1644037246.198892,54,0,0
1644037246.200253,40,0,0
1644037246.2014499,33,0,0
1644037246.203966,35,0,0
1644037246.2076879,32,0,0
1644037246.20895,18,0,0
1644037246.210269,11,0,0
1644037246.211338,24,0,0
1644037246.2137878,24,0,0
1644037246.216521,18,0,0
1644037246.217776,24,0,0
1644037246.218792,37,0,0
1644037246.220171,40,0,0
1644037246.222642,36,0,0
1644037246.223853,36,0,0
1644037246.226374,50,0,0
1644037246.2288141,60,0,0
1644037246.276254,59,0,0
1644037246.2777338,53,0,0
1644037246.279988,44,0,0
1644037246.2851179,45,0,0
1644037246.285156,45,0,0
1644037246.285196,43,0,0
1644037246.285269,36,0,0
1644037246.285307,25,0,0
1644037246.2853792,12,0,0
1644037246.285418,-3,0,0
1644037246.285455,-5,0,0
1644037246.28549,2,0,0
1644037246.285526,10,0,0
1644037246.285564,23,0,0
1644037246.2856011,22,0,0
1644037246.2856379,16,0,0
1644037246.2856991,4,0,0
1644037246.285737,-12,0,0
1644037246.285805,-28,0,0
1644037246.2858508,-44,0,0
1644037246.285908,-54,0,0
1644037246.2859452,-53,0,0
1644037246.285981,-43,0,0
1644037246.286016,-35,0,0
1644037246.286052,-38,0,0
1644037246.286088,-43,0,0
1644037246.2862878,-26,0,0
1644037246.288779,-9,0,0
1644037246.2900212,-10,0,0
1644037246.291229,-5,0,0
1644037246.2925189,36,0,0
1644037246.292557,96,0,0
1644037246.294985,123,0,0
1644037246.2961931,107,0,0
1644037246.297484,83,0,0
1644037246.298736,91,0,0
1644037246.3013031,101,0,0
1644037246.303881,80,0,0
1644037246.305044,56,0,0
1644037246.30625,52,0,0
1644037246.308792,53,0,0
1644037246.311313,52,0,0
1644037246.312525,49,0,0
1644037246.313691,50,0,0
1644037246.316258,57,0,0
1644037246.318731,60,0,0
1644037246.3199732,54,0,0
1644037246.3212001,43,0,0
1644037246.323792,36,0,0
1644037246.326188,34,0,0
1644037246.3274481,37,0,0
1644037246.3299441,38,0,0
1644037246.331187,20,0,0
1644037246.333678,7,0,0
1644037246.334933,19,0,0
1644037246.337444,25,0,0
1644037246.340034,22,0,0
1644037246.3412402,12,0,0
1644037246.3437371,4,0,0
1644037246.344993,7,0,0
1644037246.3490078,26,0,0
1644037246.350118,44,0,0
1644037246.3513138,49,0,0
1644037246.353847,38,0,0
1644037246.354986,34,0,0
1644037246.357513,51,0,0
1644037246.3599749,50,0,0
1644037246.361172,9,0,0
1644037246.363689,-12,0,0
1644037246.364934,-1,0,0
1644037246.366167,27,0,0
1644037246.368712,51,0,0
1644037246.3711958,49,0,0
1644037246.372548,37,0,0
1644037246.374979,34,0,0
1644037246.376223,20,0,0
1644037246.378675,13,0,0
1644037246.379935,32,0,0
1644037246.382432,33,0,0
1644037246.384985,6,0,0
1644037246.386237,-5,0,0
1644037246.388861,-9,0,0
1644037246.394068,-11,0,0
1644037246.3950028,8,0,0
1644037246.396323,40,0,0
1644037246.397645,68,0,0
1644037246.3988779,84,0,0
1644037246.401314,81,0,0
1644037246.402496,80,0,0
1644037246.403769,77,0,0
1644037246.406235,70,0,0
1644037246.408742,52,0,0
1644037246.410033,41,0,0
1644037246.412528,38,0,0
1644037246.4138,24,0,0
1644037246.416308,12,0,0
1644037246.4174879,5,0,0
1644037246.4200268,1,0,0
1644037246.423788,5,0,0
1644037246.425007,18,0,0
1644037246.4262521,27,0,0
1644037246.428881,33,0,0
1644037246.430031,24,0,0
1644037246.431437,17,0,0
1644037246.433824,12,0,0
1644037246.43519,19,0,0
1644037246.438776,27,0,0
1644037246.44002,25,0,0
1644037246.441292,18,0,0
1644037246.443816,21,0,0
1644037246.445021,34,0,0
1644037246.447503,38,0,0
1644037246.448747,24,0,0
1644037246.451255,17,0,0
1644037246.453741,18,0,0
1644037246.454993,20,0,0
1644037246.456248,17,0,0
1644037246.4588952,-4,0,0
1644037246.4613938,-25,0,0
1644037246.4625878,-35,0,0
1644037246.464972,-35,0,0
1644037246.466242,-13,0,0
1644037246.468776,12,0,0
1644037246.470128,24,0,0
1644037246.472538,5,0,0
1644037246.473789,-11,0,0
1644037246.4764621,-6,0,0
1644037246.478762,33,0,0
1644037246.4799721,80,0,0
1644037246.483758,80,0,0
1644037246.485064,55,0,0
1644037246.4862988,40,0,0
1644037246.4875038,52,0,0
1644037246.490048,80,0,0
1644037246.492547,88,0,0
1644037246.493789,66,0,0
1644037246.496254,52,0,0
1644037246.498752,69,0,0
1644037246.500073,81,0,0
1644037246.5026,70,0,0
1644037246.503818,50,0,0
1644037246.505044,40,0,0
1644037246.507531,40,0,0
1644037246.51008,40,0,0
1644037246.511264,50,0,0
1644037246.5137799,72,0,0
1644037246.5151381,80,0,0
1644037246.517754,71,0,0
1644037246.518781,65,0,0
1644037246.521282,55,0,0
1644037246.5225668,32,0,0
1644037246.525034,8,0,0
1644037246.528755,3,0,0
1644037246.570067,22,0,0
1644037246.575061,24,0,0
1644037246.577544,-20,0,0
1644037246.582676,-74,0,0
1644037246.582746,-81,0,0
1644037246.582834,-42,0,0
1644037246.5828989,-12,0,0
1644037246.582939,-7,0,0
1644037246.582977,-11,0,0
1644037246.583015,-8,0,0
1644037246.583054,-1,0,0
1644037246.583092,6,0,0
1644037246.5831301,23,0,0
1644037246.583167,44,0,0
1644037246.5832052,58,0,0
1644037246.583243,50,0,0
1644037246.5832808,39,0,0
1644037246.583319,64,0,0
1644037246.5833569,91,0,0
1644037246.583395,96,0,0
1644037246.583433,76,0,0
1644037246.58347,67,0,0
1644037246.583526,69,0,0
1644037246.583564,70,0,0
1644037246.5836039,66,0,0
1644037246.5836968,51,0,0
1644037246.583767,32,0,0
1644037246.585328,23,0,0
1644037246.586276,28,0,0
1644037246.588806,43,0,0
1644037246.590101,45,0,0
1644037246.592546,39,0,0
1644037246.593729,24,0,0
1644037246.5951118,2,0,0
1644037246.596256,-19,0,0
1644037246.5987892,-26,0,0
1644037246.599993,-8,0,0
1644037246.6012359,-4,0,0
1644037246.6037672,-22,0,0
1644037246.6049988,-33,0,0
1644037246.60757,-28,0,0
1644037246.608746,-17,0,0
1644037246.645066,4,0,0
1644037246.646222,24,0,0
1644037246.6487648,29,0,0
1644037246.650068,32,0,0
1644037246.65234,29,0,0
1644037246.652404,28,0,0
1644037246.652468,40,0,0
1644037246.652529,41,0,0
1644037246.65259,18,0,0
1644037246.652649,-11,0,0
1644037246.652707,-19,0,0
1644037246.652763,6,0,0
1644037246.652823,36,0,0
1644037246.6528819,57,0,0
1644037246.65294,86,0,0
1644037246.652997,104,0,0
1644037246.653056,108,0,0
1644037246.653111,109,0,0
1644037246.6531641,104,0,0
1644037246.6532211,101,0,0
1644037246.653868,91,0,0
1644037246.657542,70,0,0
1644037246.6601112,42,0,0
1644037246.6613262,36,0,0
1644037246.661366,56,0,0
1644037246.661403,74,0,0
1644037246.663816,84,0,0
1644037246.665014,83,0,0
1644037246.668957,74,0,0
1644037246.670039,69,0,0
1644037246.671239,56,0,0
1644037246.6727118,40,0,0
1644037246.6737971,65,0,0
1644037246.6750321,106,0,0
1644037246.693996,123,0,0
1644037246.695025,123,0,0
1644037246.69627,124,0,0
1644037246.697518,112,0,0
1644037246.699233,118,0,0
1644037246.700348,170,0,0
1644037246.700421,231,0,0
1644037246.7004852,249,0,0
1644037246.7005491,246,0,0
1644037246.700613,256,0,0
1644037246.7006762,269,0,0
1644037246.7016032,295,0,0
1644037246.70276,356,0,0
1644037246.706513,428,0,0
1644037246.708899,482,0,0
1644037246.710331,517,0,0
1644037246.71245,548,0,0
1644037246.71252,568,0,0
1644037246.7139158,596,0,0
1644037246.7154691,630,0,0
1644037246.716276,643,0,0
1644037246.7206059,643,0,0
1644037246.721376,641,0,0
1644037246.7320042,620,0,0
1644037246.732044,595,0,0
1644037246.732081,578,0,0
1644037246.732117,567,0,0
1644037246.7321532,544,0,0
1644037246.732507,513,0,0
1644037246.7337558,486,0,0
1644037246.7389219,465,0,0
1644037246.740086,438,0,0
1644037246.741302,405,0,0
1644037246.743774,369,0,0
1644037246.745016,322,0,0
1644037246.746228,268,0,0
1644037246.74751,228,0,0
1644037246.750054,209,0,0
1644037246.753912,189,0,0
1644037246.755031,146,0,0
1644037246.756244,86,0,0
1644037246.760318,36,0,0
1644037246.7613068,13,0,0
1644037246.762825,7,0,0
1644037246.764087,-8,0,0
1644037246.765315,-44,0,0
1644037246.769033,-97,0,0
1644037246.7701912,-136,0,0
1644037246.771352,-148,0,0
1644037246.772678,-156,0,0
1644037246.776437,-177,0,0
1644037246.7777312,-199,0,0
1644037246.778975,-217,0,0
1644037246.781431,-232,0,0
1644037246.7838569,-268,0,0
1644037246.785312,-318,0,0
1644037246.787752,-312,0,0
1644037246.788809,-282,0,0
1644037246.791363,-284,0,0
1644037246.7941608,-310,0,0
1644037246.79539,-321,0,0
1644037246.796521,-314,0,0
1644037246.799148,-310,0,0
1644037246.8003871,-317,0,0
1644037246.802923,-326,0,0
1644037246.804087,-312,0,0
1644037246.8065438,-292,0,0
1644037246.8091679,-282,0,0
1644037246.8103738,-277,0,0
1644037246.8140988,-263,0,0
1644037246.815398,-257,0,0
1644037246.81666,-250,0,0
1644037246.819149,-260,0,0
1644037246.82039,-280,0,0
1644037246.8227682,-296,0,0
1644037246.824055,-310,0,0
1644037246.826665,-313,0,0
1644037246.8290792,-315,0,0
1644037246.8715498,-316,0,0
1644037246.874103,-316,0,0
1644037246.875274,-310,0,0
1644037246.878036,-291,0,0
1644037246.878135,-266,0,0
1644037246.878227,-260,0,0
1644037246.878317,-270,0,0
1644037246.878408,-274,0,0
1644037246.878496,-263,0,0
1644037246.878603,-254,0,0
1644037246.878688,-249,0,0
1644037246.878773,-246,0,0
1644037246.878858,-260,0,0
1644037246.878942,-276,0,0
1644037246.879027,-289,0,0
1644037246.8791108,-291,0,0
1644037246.879196,-291,0,0
1644037246.87928,-279,0,0
1644037246.879369,-248,0,0
1644037246.8795562,-211,0,0
1644037246.879643,-203,0,0
1644037246.879728,-204,0,0
1644037246.879814,-189,0,0
1644037246.8802629,-188,0,0
1644037246.880356,-193,0,0
1644037246.8804429,-173,0,0
1644037246.88177,-161,0,0
1644037246.882911,-158,0,0
1644037246.884181,-156,0,0
1644037246.886663,-147,0,0
1644037246.8890262,-145,0,0
1644037246.890153,-141,0,0
1644037246.8927228,-123,0,0
1644037246.8941739,-109,0,0
1644037246.896592,-109,0,0
1644037246.899004,-116,0,0
1644037246.900278,-124,0,0
1644037246.903946,-119,0,0
1644037246.9051762,-106,0,0
1644037246.906334,-109,0,0
1644037246.908847,-109,0,0
1644037246.9100008,-89,0,0
1644037246.911386,-59,0,0
1644037246.913837,-45,0,0
1644037246.9166238,-50,0,0
1644037246.919132,-46,0,0
1644037246.920326,-37,0,0
1644037246.9214022,-25,0,0
1644037246.923861,-27,0,0
1644037246.9266639,-41,0,0
1644037246.927851,-51,0,0
1644037246.929087,-53,0,0
1644037246.931574,-56,0,0
1644037246.934168,-55,0,0
1644037246.935437,-51,0,0
1644037246.9378939,-42,0,0
1644037246.939017,-22,0,0
1644037246.94148,7,0,0
1644037246.945261,6,0,0
1644037246.946615,-27,0,0
1644037246.9489658,-58,0,0
1644037246.950134,-58,0,0
1644037246.951394,-27,0,0
1644037246.9527428,-9,0,0
1644037246.955344,-4,0,0
1644037246.9564428,5,0,0
1644037246.9594429,22,0,0
1644037246.9607968,37,0,0
1644037246.964222,27,0,0
1644037246.965512,25,0,0
1644037246.9663098,38,0,0
1644037246.968862,41,0,0
1644037246.9700851,38,0,0
1644037246.972621,36,0,0
1644037246.97408,35,0,0
1644037246.9766731,42,0,0
1644037246.978826,65,0,0
1644037246.980047,74,0,0
1644037246.98256,64,0,0
1644037246.985124,37,0,0
1644037246.986345,26,0,0
1644037246.987573,52,0,0
1644037246.9903932,80,0,0
1644037246.993835,82,0,0
1644037246.995126,70,0,0
1644037246.996275,66,0,0
1644037246.9988558,77,0,0
1644037247.0003352,90,0,0
1644037247.001378,87,0,0
1644037247.003829,70,0,0
1644037247.005193,33,0,0
1644037247.0088918,2,0,0
1644037247.010143,11,0,0
1644037247.011591,21,0,0
1644037247.014064,8,0,0
1644037247.015331,1,0,0
1644037247.017903,16,0,0
1644037247.0204318,56,0,0
1644037247.021482,83,0,0
1644037247.02411,71,0,0
1644037247.0254238,56,0,0
1644037247.027921,60,0,0
1644037247.0291579,80,0,0
1644037247.031557,89,0,0
1644037247.0401511,90,30,0
1644037247.041443,87,30,0
1644037247.042881,86,30,0
1644037247.044178,102,30,0
1644037247.0453398,116,30,0
1644037247.0464482,105,30,0
1644037247.047767,85,30,0
1644037247.0504801,58,30,0
1644037247.051672,37,30,0
1644037247.054154,38,30,0
1644037247.05527,51,30,0
1644037247.056464,57,30,0
1644037247.0576708,71,30,0
1644037247.059188,92,30,0
1644037247.060401,113,30,0
1644037247.0629601,121,30,0
1644037247.065451,107,30,0
1644037247.066668,81,30,0
1644037247.069226,69,30,0
1644037247.070467,71,30,0
1644037247.071536,76,30,0
1644037247.07411,77,30,0
1644037247.0766678,77,30,0
1644037247.077915,86,30,0
1644037247.080439,99,30,0
1644037247.081673,101,30,0
1644037247.0840058,91,30,0
1644037247.0854259,82,30,0
1644037247.087931,72,30,0
1644037247.090393,83,30,0
1644037247.091486,86,30,0
1644037247.094037,60,30,0
1644037247.0955021,33,30,0
1644037247.0991628,22,30,0
1644037247.100408,23,30,0
1644037247.101673,24,30,0
1644037247.104138,40,30,0
1644037247.105194,55,30,0
1644037247.107599,56,30,0
1644037247.108926,54,30,0
1644037247.1113532,54,30,0
1644037247.113913,74,30,0
1644037247.115081,98,30,0
1644037247.116291,93,30,0
1644037247.1190898,76,30,0
1644037247.121392,77,30,0
1644037247.122715,64,30,0
1644037247.12545,48,30,0
1644037247.126643,56,30,0
1644037247.169183,76,30,0
1644037247.170431,90,30,0
1644037247.171502,76,30,0
1644037247.174159,64,30,0
1644037247.176922,59,30,0
1644037247.177057,69,30,0
1644037247.1771772,80,30,0
1644037247.177268,70,30,0
1644037247.1773582,67,30,0
1644037247.177443,85,30,0
1644037247.177664,99,30,0
1644037247.1777558,100,30,0
1644037247.1778429,103,30,0
1644037247.177929,104,30,0
1644037247.178014,101,30,0
1644037247.178099,100,30,0
1644037247.1781828,96,30,0
1644037247.178268,85,30,0
1644037247.178352,82,30,0
1644037247.1784372,72,30,0
1644037247.1785212,68,30,0
1644037247.178612,74,30,0
1644037247.178755,86,30,0
1644037247.178846,73,30,0
1644037247.178931,40,30,0
1644037247.1817,20,30,0
1644037247.183017,4,30,0
1644037247.183119,-14,30,0
1644037247.184233,-25,30,0
1644037247.1853938,-40,30,0
1644037247.188978,-54,30,0
1644037247.190379,-56,30,0
1644037247.1914828,-33,30,0
1644037247.192905,6,30,0
1644037247.19545,17,30,0
1644037247.197936,18,30,0
1644037247.199143,57,30,0
1644037247.201715,101,30,0
1644037247.204122,124,30,0
1644037247.205277,128,30,0
1644037247.207691,101,30,0
1644037247.2092311,81,30,0
1644037247.210515,61,30,0
1644037247.21295,45,30,0
1644037247.2154949,54,30,0
1644037247.216665,86,30,0
1644037247.219168,100,30,0
1644037247.2204301,86,30,0
1644037247.222738,72,30,0
1644037247.224174,68,30,0
1644037247.22674,67,30,0
1644037247.227927,74,30,0
1644037247.23039,90,30,0
1644037247.2341702,100,30,0
1644037247.235413,92,30,0
1644037247.236693,68,30,0
1644037247.2389839,51,30,0
1644037247.24017,43,30,0
1644037247.241503,32,30,0
1644037247.2442381,19,30,0
1644037247.2466261,18,30,0
1644037247.2493598,32,30,0
1644037247.275467,42,30,0
1644037247.276406,37,30,0
1644037247.279098,23,30,0
1644037247.281326,19,30,0
1644037247.2814322,18,30,0
1644037247.281493,21,30,0
1644037247.2815511,19,30,0
1644037247.281609,-1,30,0
1644037247.281666,-14,30,0
1644037247.281724,-11,30,0
1644037247.281782,-4,30,0
1644037247.2818391,13,30,0
1644037247.2818959,36,30,0
1644037247.281953,48,30,0
1644037247.28201,49,30,0
1644037247.282837,49,30,0
1644037247.2841332,67,30,0
1644037247.285333,89,30,0
1644037247.286577,84,30,0
1644037247.287868,58,30,0
1644037247.290116,54,30,0
1644037247.291299,70,30,0
1644037247.294185,74,30,0
1644037247.295406,53,30,0
1644037247.296614,26,30,0
1644037247.299159,19,30,0
1644037247.300459,18,30,0
1644037247.302905,22,30,0
1644037247.3053398,40,30,0
1644037247.306428,48,30,0
1644037247.309227,36,30,0
1644037247.3104,19,30,0
1644037247.3141918,10,30,0
1644037247.3154628,16,30,0
1644037247.316751,26,30,0
1644037247.317892,41,30,0
1644037247.320448,56,30,0
1644037247.324067,67,30,0
1644037247.32546,69,30,0
1644037247.326725,67,30,0
1644037247.3278878,65,30,0
1644037247.330379,66,30,0
1644037247.33297,64,30,0
1644037247.334186,49,30,0
1644037247.335389,24,30,0
1644037247.339062,7,30,0
1644037247.3402529,16,30,0
1644037247.341495,42,30,0
1644037247.3441799,61,30,0
1644037247.345454,74,30,0
1644037247.347928,81,30,0
1644037247.349153,71,30,0
1644037247.351727,60,30,0
1644037247.354157,49,30,0
1644037247.3552902,59,30,0
1644037247.357843,73,30,0
1644037247.361224,69,30,0
1644037247.376673,55,30,0
1644037247.3779032,54,30,0
1644037247.3803918,64,30,0
1644037247.3819132,69,30,0
1644037247.382014,74,30,0
1644037247.3821042,87,30,0
1644037247.3821921,96,30,0
1644037247.382281,102,30,0
1644037247.382369,101,30,0
1644037247.382456,99,30,0
1644037247.384226,93,30,0
1644037247.385393,81,30,0
1644037247.3879008,67,30,0
1644037247.389045,57,30,0
1644037247.390254,54,30,0
1644037247.391446,56,30,0
1644037247.39418,51,30,0
1644037247.3954089,36,30,0
1644037247.396597,41,30,0
1644037247.399152,68,30,0
1644037247.400419,76,30,0
1644037247.402905,52,30,0
1644037247.404154,25,30,0
1644037247.40651,32,30,0
1644037247.407849,39,30,0
1644037247.4103959,34,30,0
1644037247.411726,24,30,0
1644037247.413953,18,30,0
1644037247.415197,0,30,0
1644037247.417898,-24,30,0
1644037247.420353,-37,30,0
1644037247.4216828,-28,30,0
1644037247.424098,2,30,0
1644037247.425439,16,30,0
1644037247.429159,5,30,0
1644037247.467896,6,30,0
1644037247.469195,18,30,0
1644037247.470437,19,30,0
1644037247.471528,24,30,0
1644037247.475088,35,30,0
1644037247.475183,23,30,0
1644037247.475269,26,30,0
1644037247.475355,41,30,0
1644037247.47544,59,30,0
1644037247.4755251,81,30,0
1644037247.475611,97,30,0
1644037247.475696,105,30,0
1644037247.4757812,100,30,0
1644037247.4758651,82,30,0
1644037247.47595,70,30,0
1644037247.476035,61,30,0
1644037247.476127,60,30,0
1644037247.4762912,64,30,0
1644037247.476377,53,30,0
1644037247.4764612,35,30,0
1644037247.476545,25,30,0
1644037247.476629,35,30,0
1644037247.476714,36,30,0
1644037247.478034,26,30,0
1644037247.480391,9,30,0
1644037247.4816818,-3,30,0
1644037247.481784,-5,30,0
1644037247.483042,-2,30,0
1644037247.484281,5,30,0
1644037247.4866838,10,30,0
1644037247.488984,9,30,0
1644037247.490295,3,30,0
1644037247.491449,-8,30,0
1644037247.494166,-12,30,0
1644037247.4979541,-8,30,0
1644037247.499244,-12,30,0
1644037247.5005171,-21,30,0
1644037247.50167,-20,30,0
1644037247.504148,-12,30,0
1644037247.5052958,-3,30,0
1644037247.507788,10,30,0
1644037247.51039,16,30,0
1644037247.512966,3,30,0
1644037247.5140522,3,30,0
1644037247.515527,0,30,0
1644037247.51917,-19,30,0
1644037247.520433,-21,30,0
1644037247.521505,-2,30,0
1644037247.522669,4,30,0
1644037247.5254211,2,30,0
1644037247.527906,6,30,0
1644037247.5291798,18,30,0
1644037247.53164,26,30,0
1644037247.534178,38,30,0
1644037247.5354218,43,30,0
1644037247.5379012,27,30,0
1644037247.539019,13,30,0
1644037247.540288,35,30,0
1644037247.542917,51,30,0
1644037247.545469,45,30,0
1644037247.5465999,52,30,0
1644037247.549155,56,30,0
1644037247.550418,52,30,0
1644037247.552901,44,30,0
1644037247.554157,61,30,0
1644037247.556598,73,30,0
1644037247.559225,70,30,0
1644037247.560408,59,30,0
1644037247.564051,48,30,0
1644037247.5654862,33,30,0
1644037247.566727,26,30,0
1644037247.567891,34,30,0
1644037247.570341,54,30,0
1644037247.571628,73,30,0
1644037247.574059,76,30,0
1644037247.576674,74,30,0
1644037247.579254,74,30,0
1644037247.580477,66,30,0
1644037247.582937,42,30,0
1644037247.584179,21,30,0
1644037247.585402,12,30,0
1644037247.587923,12,30,0
1644037247.5904589,16,30,0
1644037247.591439,6,30,0
1644037247.594176,-6,30,0
1644037247.595406,-9,30,0
1644037247.597931,1,30,0
1644037247.5991511,20,30,0
1644037247.601738,26,30,0
1644037247.6028988,32,30,0
1644037247.6052768,40,30,0
1644037247.6092281,37,30,0
1644037247.610482,42,30,0
1644037247.611813,58,30,0
1644037247.613981,60,30,0
1644037247.6155362,54,30,0
1644037247.61667,39,30,0
1644037247.619186,39,30,0
1644037247.621525,67,30,0
1644037247.624075,89,30,0
1644037247.6254568,97,30,0
1644037247.627903,90,30,0
1644037247.629177,82,30,0
1644037247.630404,76,30,0
1644037247.6328719,70,30,0
1644037247.635404,58,30,0
1644037247.6366699,56,30,0
1644037247.638985,54,30,0
1644037247.640426,54,30,0
1644037247.6429,64,30,0
1644037247.6442208,66,30,0
1644037247.646494,52,30,0
1644037247.6492212,33,30,0
1644037247.650487,23,30,0
1644037247.654072,18,30,0
1644037247.65533,16,30,0
1644037247.656511,13,30,0
1644037247.659216,0,30,0
1644037247.6603992,-22,30,0
1644037247.661671,-34,30,0
1644037247.6639931,-25,30,0
1644037247.66672,-2,30,0
1644037247.669184,10,30,0
1644037247.67043,11,30,0
1644037247.671525,10,30,0
1644037247.6740742,18,30,0
1644037247.6766982,37,30,0
1644037247.677988,33,30,0
1644037247.6791801,2,30,0
1644037247.684198,-7,30,0
1644037247.685421,3,30,0
1644037247.687888,11,30,0
1644037247.689014,22,30,0
1644037247.690249,36,30,0
1644037247.6914911,35,30,0
1644037247.694203,20,30,0
1644037247.695421,25,30,0
1644037247.696641,56,30,0
1644037247.69915,66,30,0
1644037247.7016802,51,30,0
1644037247.702909,21,30,0
1644037247.7053509,7,30,0
1644037247.707856,21,30,0
1644037247.709238,36,30,0
1644037247.710424,40,30,0
1644037247.7140422,45,30,0
1644037247.715477,40,30,0
1644037247.71673,29,30,0
1644037247.71922,33,30,0
1644037247.720432,53,30,0
1644037247.7227452,57,30,0
1644037247.724163,43,30,0
1644037247.726497,35,30,0
1644037247.729079,37,30,0
1644037247.770448,49,30,0
1644037247.7715032,64,30,0
1644037247.7740002,76,30,0
1644037247.775552,81,30,0
1644037247.778099,58,30,0
1644037247.7782369,24,30,0
1644037247.778357,10,30,0
1644037247.77845,24,30,0
1644037247.778541,24,30,0
1644037247.7786272,6,30,0
1644037247.778802,-6,30,0
1644037247.778945,-2,30,0
1644037247.7790358,11,30,0
1644037247.7791219,26,30,0
1644037247.779207,37,30,0
1644037247.7792919,25,30,0
1644037247.779376,3,30,0
1644037247.779466,-6,30,0
1644037247.779551,-7,30,0
1644037247.779635,-9,30,0
1644037247.7797198,-25,30,0
1644037247.779804,-39,30,0
1644037247.7798882,-38,30,0
1644037247.779972,-43,30,0
1644037247.782928,-51,30,0
1644037247.785439,-40,30,0
1644037247.7868102,-8,30,0
1644037247.786914,19,30,0
1644037247.787008,43,30,0
1644037247.789056,87,30,0
1644037247.7901871,133,30,0
1644037247.794216,150,30,0
1644037247.795402,145,30,0
1644037247.796617,137,30,0
1644037247.797986,120,30,0
1644037247.7991538,96,30,0
1644037247.80046,89,30,0
1644037247.8041532,104,30,0
1644037247.80528,87,30,0
1644037247.80651,53,30,0
1644037247.807872,48,30,0
1644037247.811745,71,30,0
1644037247.813015,88,30,0
1644037247.814069,87,30,0
1644037247.816691,71,30,0
1644037247.819184,52,30,0
1644037247.82049,49,30,0
1644037247.824082,55,30,0
1644037247.825431,37,30,0
1644037247.826735,12,30,0
1644037247.8279018,-2,30,0
1644037247.8304582,-10,30,0
1644037247.834184,-14,30,0
1644037247.835401,-21,30,0
1644037247.8366878,-34,30,0
1644037247.840229,-28,30,0
1644037247.841481,-3,30,0
1644037247.8429089,10,30,0
1644037247.844246,18,30,0
1644037247.8455229,22,30,0
1644037247.8491561,28,30,0
1644037247.850446,25,30,0
1644037247.851753,4,30,0
1644037247.8554418,-2,30,0
1644037247.856501,17,30,0
1644037247.860405,38,30,0
1644037247.864059,41,30,0
1644037247.865532,33,30,0
1644037247.86673,19,30,0
1644037247.867899,21,30,0
1644037247.8704379,44,30,0
1644037247.871543,58,30,0
1644037247.872673,44,30,0
1644037247.87417,26,30,0
1644037247.875479,9,30,0
1644037247.876734,7,30,0
1644037247.879246,24,30,0
1644037247.882962,36,30,0
1644037247.884187,20,30,0
1644037247.885414,-7,30,0
1644037247.886762,-10,30,0
1644037247.8890162,18,30,0
1644037247.920432,42,30,0
1644037247.921542,44,30,0
1644037247.924022,49,30,0
1644037247.9291992,52,30,0
1644037247.929301,43,30,0
1644037247.9293928,22,30,0
1644037247.9296372,-1,30,0
1644037247.929732,-10,30,0
1644037247.929823,-11,30,0
1644037247.9299252,-26,30,0
1644037247.930105,-41,30,0
1644037247.9301918,-42,30,0
1644037247.9302778,-44,30,0
1644037247.930364,-51,30,0
1644037247.930449,-42,30,0
1644037247.930534,-25,30,0
1644037247.93062,0,30,0
1644037247.9307048,23,30,0
1644037247.93079,37,30,0
1644037247.9316669,35,30,0
1644037247.932988,32,30,0
1644037247.934197,41,30,0
1644037247.935411,52,30,0
1644037247.9390552,51,30,0
1644037247.940195,41,30,0
1644037247.9415371,38,30,0
1644037247.9429572,28,30,0
1644037247.9442308,23,30,0
1644037247.9455922,48,30,0
1644037247.94843,74,30,0
1644037247.949018,82,30,0
1644037247.951493,74,30,0
1644037247.954025,60,30,0
1644037247.955345,43,30,0
1644037247.956434,29,30,0
1644037247.9728131,36,30,0
1644037247.974101,41,30,0
1644037247.9764469,43,30,0
1644037247.978185,50,30,0
1644037247.978571,50,30,0
1644037247.978894,40,30,0
1644037247.9790459,22,30,0
1644037247.979188,-3,30,0
1644037247.979303,-28,30,0
1644037247.979393,-40,30,0
1644037247.97948,-42,30,0
1644037247.980449,-43,30,0
1644037247.984063,-40,30,0
1644037247.9854028,-17,30,0
1644037247.986978,-1,30,0
1644037247.98794,3,30,0
1644037247.9903748,9,30,0
1644037247.99265,21,30,0
1644037247.99388,28,30,0
1644037247.9963572,23,30,0
1644037247.998891,13,30,0
1644037248.000097,11,30,0
1644037248.002908,13,30,0
1644037248.003794,20,30,0
1644037248.005076,25,30,0
1644037248.007746,27,30,0
1644037248.0100899,34,30,0
1644037248.0139039,39,30,0
1644037248.015169,44,30,0
1644037248.0163882,45,30,0
1644037248.0189629,33,30,0
1644037248.0200691,25,30,0
1644037248.0226402,35,30,0
1644037248.023896,54,30,0
1644037248.025076,67,30,0
1644037248.0288372,51,30,0
1644037248.074103,39,30,0
1644037248.075258,39,30,0
1644037248.082881,39,27,0
1644037248.082976,40,27,0
1644037248.083064,42,27,0
1644037248.0831501,49,27,0
1644037248.083234,55,27,0
1644037248.083319,42,27,0
1644037248.083403,17,27,0
1644037248.083487,3,27,0
1644037248.0835829,22,27,0
1644037248.083788,49,27,0
1644037248.083918,52,27,0
1644037248.084008,45,27,0
1644037248.084094,32,27,0
1644037248.084179,19,27,0
1644037248.084264,11,27,0
1644037248.084348,13,27,0
1644037248.084432,39,27,0
1644037248.084516,51,27,0
1644037248.0846,44,27,0
1644037248.0846841,50,27,0
1644037248.084768,56,27,0
1644037248.084867,60,27,0
1644037248.085078,56,27,0
1644037248.0851672,64,27,0
1644037248.085254,71,27,0
1644037248.086373,67,27,0
1644037248.088969,42,27,0
1644037248.090229,20,27,0
1644037248.0902941,-9,27,0
1644037248.092643,-34,27,0
1644037248.0938282,-23,27,0
1644037248.0951629,25,27,0
1644037248.096334,53,27,0
1644037248.099117,49,27,0
1644037248.1003861,45,27,0
1644037248.101654,55,27,0
1644037248.104116,64,27,0
1644037248.1052501,56,27,0
1644037248.107764,48,27,0
1644037248.1088488,40,27,0
1644037248.111357,49,27,0
1644037248.112569,49,27,0
1644037248.115388,38,27,0
1644037248.116437,29,27,0
1644037248.119136,43,27,0
1644037248.121464,70,27,0
1644037248.122595,73,27,0
1644037248.125207,58,27,0
1644037248.126626,55,27,0
1644037248.1290581,58,27,0
1644037248.1301482,70,27,0
1644037248.133908,73,27,0
1644037248.1351738,71,27,0
1644037248.1365619,68,27,0
1644037248.1387892,64,27,0
1644037248.140362,52,27,0
1644037248.1426518,49,27,0
1644037248.144109,56,27,0
1644037248.146672,68,27,0
1644037248.1490932,67,27,0
1644037248.150383,59,27,0
1644037248.152935,53,27,0
1644037248.154204,56,27,0
1644037248.156488,55,27,0
1644037248.157792,41,27,0
1644037248.1604118,27,27,0
1644037248.16175,22,27,0
1644037248.1642408,23,27,0
1644037248.165479,21,27,0
1644037248.167922,2,27,0
1644037248.170434,-7,27,0
1644037248.171513,-4,27,0
1644037248.174004,-2,27,0
1644037248.175254,5,27,0
1644037248.179065,16,27,0
1644037248.1804879,9,27,0
1644037248.181658,1,27,0
1644037248.184208,5,27,0
1644037248.185406,6,27,0
1644037248.188073,-2,27,0
1644037248.1889422,-9,27,0
1644037248.191583,-6,27,0
1644037248.1942542,4,27,0
1644037248.195473,37,27,0
1644037248.19802,53,27,0
1644037248.199271,51,27,0
1644037248.201688,49,27,0
1644037248.204201,59,27,0
1644037248.205266,73,27,0
1644037248.20645,80,27,0
1644037248.208983,69,27,0
1644037248.210421,56,27,0
1644037248.2129762,54,27,0
1644037248.215461,57,27,0
1644037248.216692,56,27,0
1644037248.2192042,64,27,0
1644037248.2204218,64,27,0
1644037248.2240808,53,27,0
1644037248.225173,40,27,0
1644037248.2267609,33,27,0
1644037248.2290728,19,27,0
1644037248.234074,-3,27,0
1644037248.2354171,-7,27,0
1644037248.2367098,-5,27,0
1644037248.2390678,-14,27,0
1644037248.240222,-20,27,0
1644037248.241514,-17,27,0
1644037248.24291,2,27,0
1644037248.2443469,20,27,0
1644037248.2467399,36,27,0
1644037248.248013,50,27,0
1644037248.250505,51,27,0
1644037248.254084,48,27,0
1644037248.255358,40,27,0
1644037248.2565088,28,27,0
1644037248.259031,32,27,0
1644037248.2604108,35,27,0
1644037248.263093,22,27,0
1644037248.2641852,0,27,0
1644037248.2655811,-21,27,0
1644037248.269099,-27,27,0
1644037248.270153,-4,27,0
1644037248.27142,12,27,0
1644037248.2739341,-1,27,0
1644037248.2751732,-21,27,0
1644037248.2780778,-19,27,0
1644037248.280523,-11,27,0
1644037248.2816598,-9,27,0
1644037248.284211,4,27,0
1644037248.285413,34,27,0
1644037248.286771,55,27,0
1644037248.28906,54,27,0
1644037248.2915788,49,27,0
1644037248.292929,56,27,0
1644037248.295421,58,27,0
1644037248.296576,53,27,0
1644037248.2991612,56,27,0
1644037248.3005319,51,27,0
1644037248.302926,44,27,0
1644037248.305352,28,27,0
1644037248.3065112,11,27,0
1644037248.309008,11,27,0
1644037248.31042,4,27,0
1644037248.314153,3,27,0
1644037248.315504,10,27,0
1644037248.316703,5,27,0
1644037248.319198,1,27,0
1644037248.320439,10,27,0
1644037248.321533,26,27,0
1644037248.324141,51,27,0
1644037248.326795,72,27,0
1644037248.329153,81,27,0
1644037248.366765,64,27,0
1644037248.369192,40,27,0
1644037248.372767,38,27,0
1644037248.3728619,57,27,0
1644037248.37295,70,27,0
1644037248.3730361,51,27,0
1644037248.373121,18,27,0
1644037248.373206,4,27,0
1644037248.37329,22,27,0
1644037248.373448,44,27,0
1644037248.3736079,28,27,0
1644037248.373908,4,27,0
1644037248.374006,-1,27,0
1644037248.374188,9,27,0
1644037248.374398,24,27,0
1644037248.374502,37,27,0
1644037248.374589,40,27,0
1644037248.374751,39,27,0
1644037248.37484,38,27,0
1644037248.3749251,32,27,0
1644037248.375175,25,27,0
1644037248.3752801,26,27,0
1644037248.375365,21,27,0
1644037248.376737,16,27,0
1644037248.37792,17,27,0
1644037248.379211,21,27,0
1644037248.381655,27,27,0
1644037248.382993,38,27,0
1644037248.3842041,51,27,0
1644037248.386705,60,27,0
1644037248.38901,69,27,0
1644037248.390234,66,27,0
1644037248.3929138,51,27,0
1644037248.394238,25,27,0
1644037248.396663,5,27,0
1644037248.399192,-1,27,0
1644037248.4005299,10,27,0
1644037248.404091,27,27,0
1644037248.405364,32,27,0
1644037248.4065092,11,27,0
1644037248.409028,2,27,0
1644037248.410433,11,27,0
1644037248.41183,27,27,0
1644037248.415668,26,27,0
1644037248.41649,13,27,0
1644037248.419211,4,27,0
1644037248.420425,1,27,0
1644037248.4215128,1,27,0
1644037248.4239948,-7,27,0
1644037248.426744,-18,27,0
1644037248.4279208,-26,27,0
1644037248.429208,-37,27,0
1644037248.431653,-23,27,0
1644037248.434043,2,27,0
1644037248.435467,1,27,0
1644037248.437875,-18,27,0
1644037248.439083,-12,27,0
1644037248.4415948,5,27,0
1644037248.4429178,21,27,0
1644037248.4454982,40,27,0
1644037248.449158,55,27,0
1644037248.4506319,58,27,0
1644037248.4517179,51,27,0
1644037248.454218,35,27,0
1644037248.455433,25,27,0
1644037248.456476,26,27,0
1644037248.459012,36,27,0
1644037248.4604301,34,27,0
1644037248.464162,19,27,0
1644037248.46551,8,27,0
1644037248.46675,-1,27,0
1644037248.469286,-19,27,0
1644037248.470436,-24,27,0
1644037248.472785,0,27,0
1644037248.4752471,21,27,0
1644037248.476746,18,27,0
1644037248.479254,10,27,0
1644037248.480514,6,27,0
1644037248.482956,4,27,0
1644037248.4841962,-4,27,0
1644037248.486706,-2,27,0
1644037248.488037,8,27,0
1644037248.490179,12,27,0
1644037248.4942,17,27,0
1644037248.495428,19,27,0
1644037248.496598,21,27,0
1644037248.499197,33,27,0
1644037248.500467,40,27,0
1644037248.501747,40,27,0
1644037248.5042229,40,27,0
1644037248.505256,50,27,0
1644037248.5089989,37,27,0
1644037248.5104902,8,27,0
1644037248.511798,-2,27,0
1644037248.5141602,0,27,0
1644037248.516732,12,27,0
1644037248.517925,40,27,0
1644037248.519422,60,27,0
1644037248.521517,66,27,0
1644037248.5239491,50,27,0
1644037248.525253,35,27,0
1644037248.526745,32,27,0
1644037248.529218,21,27,0
1644037248.5654888,12,27,0
1644037248.566781,12,27,0
1644037248.569203,12,27,0
1644037248.570496,9,27,0
1644037248.572611,19,27,0
1644037248.5727081,35,27,0
1644037248.5727959,57,27,0
1644037248.572882,71,27,0
1644037248.572969,81,27,0
1644037248.573055,70,27,0
1644037248.57314,42,27,0
1644037248.573225,22,27,0
1644037248.5733628,12,27,0
1644037248.573451,16,27,0
1644037248.573557,28,27,0
1644037248.573678,53,27,0
1644037248.57383,76,27,0
1644037248.5739179,77,27,0
1644037248.574003,64,27,0
1644037248.574137,60,27,0
1644037248.574241,53,27,0
1644037248.575218,44,27,0
1644037248.57792,52,27,0
1644037248.579339,57,27,0
1644037248.5796869,60,27,0
1644037248.58046,68,27,0
1644037248.5816672,72,27,0
1644037248.5842052,72,27,0
1644037248.5854661,70,27,0
1644037248.587897,56,27,0
1644037248.590357,40,27,0
1644037248.591618,37,27,0
1644037248.594269,42,27,0
1644037248.59552,45,27,0
1644037248.600517,34,27,0
1644037248.601701,27,27,0
1644037248.602921,38,27,0
1644037248.6053069,64,27,0
1644037248.606624,75,27,0
1644037248.607713,58,27,0
1644037248.60913,42,27,0
1644037248.6117492,39,27,0
1644037248.6141598,23,27,0
1644037248.615513,6,27,0
1644037248.616501,6,27,0
1644037248.61921,17,27,0
1644037248.621526,19,27,0
1644037248.622711,26,27,0
1644037248.6252742,44,27,0
1644037248.626766,58,27,0
1644037248.629189,56,27,0
1644037248.679061,43,27,0
1644037248.680546,19,27,0
1644037248.683021,4,27,0
1644037248.688194,-1,27,0
1644037248.688295,-9,27,0
1644037248.688391,-21,27,0
1644037248.688477,-34,27,0
1644037248.6885629,-20,27,0
1644037248.688704,4,27,0
1644037248.6888802,24,27,0
1644037248.688972,23,27,0
1644037248.6890612,11,27,0
1644037248.689147,20,27,0
1644037248.6892328,35,27,0
1644037248.689318,33,27,0
1644037248.6894028,23,27,0
1644037248.689488,24,27,0
1644037248.689574,23,27,0
1644037248.6896582,12,27,0
1644037248.6897438,0,27,0
1644037248.690015,0,27,0
1644037248.6902342,10,27,0
1644037248.690325,-4,27,0
1644037248.690412,-10,27,0
1644037248.690497,0,27,0
1644037248.690623,8,27,0
1644037248.690721,13,27,0
1644037248.6908228,23,27,0
1644037248.690917,32,27,0
1644037248.691515,43,27,0
1644037248.692922,66,27,0
1644037248.6942668,69,27,0
1644037248.696575,66,27,0
1644037248.6979809,50,27,0
1644037248.699168,7,27,0
1644037248.700499,-20,27,0
1644037248.701746,-8,27,0
1644037248.704227,28,27,0
1644037248.705322,53,27,0
1644037248.7064629,73,27,0
1644037248.709006,97,27,0
1644037248.710529,101,27,0
1644037248.712973,99,27,0
1644037248.715507,116,27,0
1644037248.716705,136,27,0
1644037248.719203,135,27,0
1644037248.720431,105,27,0
1644037248.7227871,75,27,0
1644037248.724085,67,27,0
1644037248.726754,69,27,0
1644037248.7291882,85,27,0
1644037248.730548,102,27,0
1644037248.734171,107,27,0
1644037248.7363892,88,27,0
1644037248.751712,56,27,0
1644037248.7542431,38,27,0
1644037248.755391,42,27,0
1644037248.755488,58,27,0
1644037248.755579,65,27,0
1644037248.7556689,44,27,0
1644037248.755765,6,27,0
1644037248.755863,-19,27,0
1644037248.755959,-7,27,0
1644037248.756052,28,27,0
1644037248.7565,56,27,0
1644037248.757681,52,27,0
1644037248.760454,40,27,0
1644037248.761753,44,27,0
1644037248.764172,60,27,0
1644037248.765513,84,27,0
1644037248.767936,83,27,0
1644037248.7704809,55,27,0
1644037248.7715359,37,27,0
1644037248.7726998,25,27,0
1644037248.775234,17,27,0
1644037248.779305,0,27,0
1644037248.783029,-18,27,0
1644037248.783991,-13,27,0
1644037248.786726,8,27,0
1644037248.7879791,34,27,0
1644037248.7890491,36,27,0
1644037248.790401,19,27,0
1644037248.794156,1,27,0
1644037248.7954051,5,27,0
1644037248.796501,25,27,0
1644037248.797876,27,27,0
1644037248.799103,10,27,0
1644037248.80042,-18,27,0
1644037248.80285,-36,27,0
1644037248.805287,-39,27,0
1644037248.806421,-44,27,0
1644037248.809161,-43,27,0
1644037248.810365,-25,27,0
1644037248.812738,-13,27,0
1644037248.8141272,-11,27,0
1644037248.816732,4,27,0
1644037248.817927,6,27,0
1644037248.8204758,-11,27,0
1644037248.824147,-35,27,0
1644037248.825185,-68,27,0
1644037248.826725,-90,27,0
1644037248.82922,-91,27,0
1644037248.830488,-69,27,0
1644037248.8316932,-25,27,0
1644037248.834222,18,27,0
1644037248.836725,54,27,0
1644037248.839011,73,27,0
1644037248.84021,68,27,0
1644037248.842983,58,27,0
1644037248.8442318,55,27,0
1644037248.845487,68,27,0
1644037248.8480158,67,27,0
1644037248.849189,52,27,0
1644037248.851778,39,27,0
1644037248.854219,50,27,0
1644037248.855256,64,27,0
1644037248.857766,67,27,0
1644037248.860446,75,27,0
1644037248.861771,90,27,0
1644037248.863106,81,27,0
1644037248.865464,50,27,0
1644037248.869214,34,27,0
1644037248.870435,50,27,0
1644037248.871524,84,27,0
1644037248.874002,98,27,0
1644037248.8752792,99,27,0
1644037248.87676,92,27,0
1644037248.879282,74,27,0
1644037248.8805351,58,27,0
1644037248.884206,55,27,0
1644037248.8854258,49,27,0
1644037248.8867111,45,27,0
1644037248.889088,48,27,0
1644037248.891653,52,27,0
1644037248.892929,48,27,0
1644037248.894272,37,27,0
1644037248.89661,39,27,0
1644037248.899172,44,27,0
1644037248.900492,27,27,0
1644037248.901713,4,27,0
1644037248.904224,-1,27,0
1644037248.906523,1,27,0
1644037248.907823,-17,27,0
1644037248.910454,-40,27,0
1644037248.911817,-46,27,0
1644037248.9141881,-27,27,0
1644037248.9155169,-14,27,0
1644037248.917988,-21,27,0
1644037248.920446,-26,27,0
1644037248.9215438,-6,27,0
1644037248.924161,40,27,0
1644037248.9252539,69,27,0
1644037248.9741051,66,27,0
1644037248.9753118,49,27,0
1644037248.9767628,44,27,0
1644037248.9790258,59,27,0
1644037248.9844842,71,27,0
1644037248.9845839,67,27,0
1644037248.984673,53,27,0
1644037248.984763,64,27,0
1644037248.984851,80,27,0
1644037248.98502,81,27,0
1644037248.9852319,75,27,0
1644037248.985327,61,27,0
1644037248.9854138,42,27,0
1644037248.9854999,32,27,0
1644037248.985584,27,27,0
1644037248.9856691,29,27,0
1644037248.985753,29,27,0
1644037248.9858382,27,27,0
1644037248.985923,32,27,0
1644037248.986007,32,27,0
1644037248.986091,18,27,0
1644037248.986176,2,27,0
1644037248.986349,-14,27,0
1644037248.986437,-26,27,0
1644037248.986523,-17,27,0
1644037248.986608,6,27,0
1644037248.9866931,24,27,0
1644037248.986777,27,27,0
1644037248.9868622,21,27,0
1644037248.989095,35,27,0
1644037248.9903622,58,27,0
1644037248.992959,66,27,0
1644037248.996692,53,27,0
1644037248.996796,36,27,0
1644037248.9980302,21,27,0
1644037248.999188,12,27,0
1644037249.0005262,7,27,0
1644037249.001749,-12,27,0
1644037249.004215,-35,27,0
1644037249.005321,-28,27,0
1644037249.0065541,-10,27,0
1644037249.0077848,4,27,0
1644037249.0090308,9,27,0
1644037249.013013,16,27,0
1644037249.0141828,22,27,0
1644037249.0155652,35,27,0
1644037249.01924,57,27,0
1644037249.0204532,66,27,0
1644037249.021552,54,27,0
1644037249.023954,40,27,0
1644037249.02526,44,27,0
1644037249.029233,65,27,0
1644037249.030541,72,27,0
1644037249.031708,75,27,0
1644037249.038989,71,35,0
1644037249.040344,65,35,0
1644037249.041545,66,35,0
1644037249.0443,84,35,0
1644037249.045491,83,35,0
1644037249.046713,52,35,0
1644037249.049311,20,35,0
1644037249.050768,18,35,0
1644037249.051903,33,35,0
1644037249.05522,32,35,0
1644037249.056513,13,35,0
1644037249.059154,13,35,0
1644037249.0604029,25,35,0
1644037249.06047,32,35,0
1644037249.061666,18,35,0
1644037249.064081,5,35,0
1644037249.065438,6,35,0
1644037249.066611,24,35,0
1644037249.069233,37,35,0
1644037249.070444,41,35,0
1644037249.071562,57,35,0
1644037249.0739589,61,35,0
1644037249.076725,42,35,0
1644037249.0793128,23,35,0
1644037249.080574,22,35,0
1644037249.08169,34,35,0
1644037249.084255,39,35,0
1644037249.0867321,32,35,0
1644037249.0879831,27,35,0
1644037249.090301,40,35,0
1644037249.091509,58,35,0
1644037249.0942059,60,35,0
1644037249.0954409,38,35,0
1644037249.09797,21,35,0
1644037249.099184,36,35,0
1644037249.101761,54,35,0
1644037249.104575,44,35,0
1644037249.1052759,21,35,0
1644037249.109022,4,35,0
1644037249.1101482,22,35,0
1644037249.111391,53,35,0
1644037249.1139042,66,35,0
1644037249.115105,68,35,0
1644037249.1167,76,35,0
1644037249.1192079,88,35,0
1644037249.121374,96,35,0
1644037249.123919,90,35,0
1644037249.1254332,80,35,0
1644037249.126685,75,35,0
1644037249.129219,72,35,0
1644037249.130434,65,35,0
1644037249.132908,52,35,0
1644037249.1341,44,35,0
1644037249.136508,37,35,0
1644037249.138962,9,35,0
1644037249.140197,-5,35,0
1644037249.142644,-7,35,0
1644037249.144198,-4,35,0
1644037249.146595,-24,35,0
1644037249.147926,-37,35,0
1644037249.1517398,-27,35,0
1644037249.1542249,-10,35,0
1644037249.156523,4,35,0
1644037249.157807,6,35,0
1644037249.1590972,-4,35,0
1644037249.1602838,-2,35,0
1644037249.16457,7,35,0
1644037249.164799,2,35,0
1644037249.165354,-5,35,0
1644037249.168981,-6,35,0
1644037249.19546,0,35,0
1644037249.196619,-5,35,0
1644037249.1992419,-1,35,0
1644037249.20049,10,35,0
1644037249.20286,19,35,0
1644037249.202958,24,35,0
1644037249.2030468,23,35,0
1644037249.203134,21,35,0
1644037249.20322,26,35,0
1644037249.203305,39,35,0
1644037249.203391,51,35,0
1644037249.203476,54,35,0
1644037249.2035599,53,35,0
1644037249.203645,51,35,0
1644037249.2037299,40,35,0
1644037249.203915,17,35,0
1644037249.204001,3,35,0
1644037249.205308,24,35,0
1644037249.2078998,40,35,0
1644037249.209188,36,35,0
1644037249.210452,20,35,0
1644037249.211841,9,35,0
1644037249.2143779,8,35,0
1644037249.215404,13,35,0
1644037249.217984,21,35,0
1644037249.219224,27,35,0
1644037249.220468,38,35,0
1644037249.2227972,41,35,0
1644037249.223988,36,35,0
1644037249.2267609,48,35,0
1644037249.2292118,64,35,0
1644037249.274027,70,35,0
1644037249.275166,70,35,0
1644037249.276704,68,35,0
1644037249.280458,67,35,0
1644037249.28052,64,35,0
1644037249.280576,56,35,0
1644037249.280633,38,35,0
1644037249.280689,1,35,0
1644037249.280745,-18,35,0
1644037249.280801,3,35,0
1644037249.2808561,44,35,0
1644037249.2809112,57,35,0
1644037249.280967,49,35,0
1644037249.2810218,37,35,0
1644037249.281077,21,35,0
1644037249.2811332,9,35,0
1644037249.281193,8,35,0
1644037249.281288,27,35,0
1644037249.281344,38,35,0
1644037249.281399,28,35,0
1644037249.281454,24,35,0
1644037249.2815082,26,35,0
1644037249.2815628,42,35,0
1644037249.281617,67,35,0
1644037249.281672,85,35,0
1644037249.2829351,76,35,0
1644037249.284197,49,35,0
1644037249.2853801,42,35,0
1644037249.286635,52,35,0
1644037249.288973,55,35,0
1644037249.290196,36,35,0
1644037249.2914088,9,35,0
1644037249.292921,-3,35,0
1644037249.295465,0,35,0
1644037249.296591,-5,35,0
1644037249.2992058,-9,35,0
1644037249.3004858,6,35,0
1644037249.304162,25,35,0
1644037249.305314,13,35,0
1644037249.306477,1,35,0
1644037249.3077362,16,35,0
1644037249.310452,28,35,0
1644037249.3129668,23,35,0
1644037249.314292,11,35,0
1644037249.316704,9,35,0
1644037249.319238,21,35,0
1644037249.320449,44,35,0
1644037249.321562,59,35,0
1644037249.324117,52,35,0
1644037249.3267798,43,35,0
1644037249.328031,53,35,0
1644037249.33407,61,35,0
1644037249.335433,55,35,0
1644037249.3367832,28,35,0
1644037249.3391008,4,35,0
1644037249.3403158,-8,35,0
1644037249.341444,-8,35,0
1644037249.342966,0,35,0
1644037249.3454778,12,35,0
1644037249.3467252,20,35,0
1644037249.349189,18,35,0
1644037249.350485,6,35,0
1644037249.35294,-19,35,0
1644037249.3542259,-35,35,0
1644037249.355392,-14,35,0
1644037249.357932,23,35,0
1644037249.3592682,66,35,0
1644037249.361592,84,35,0
1644037249.364115,85,35,0
1644037249.3652139,85,35,0
1644037249.3678641,72,35,0
1644037249.369267,59,35,0
1644037249.371548,50,35,0
1644037249.374128,16,35,0
1644037249.3751922,-17,35,0
1644037249.37679,-12,35,0
1644037249.379224,3,35,0
1644037249.380627,10,35,0
1644037249.3828511,16,35,0
1644037249.38549,19,35,0
1644037249.3867872,18,35,0
1644037249.3890429,17,35,0
1644037249.390242,10,35,0
1644037249.394228,20,35,0
1644037249.395453,48,35,0
1644037249.396632,69,35,0
1644037249.399192,81,35,0
1644037249.400542,74,35,0
1644037249.401717,74,35,0
1644037249.404223,86,35,0
1644037249.406521,92,35,0
1644037249.409236,86,35,0
1644037249.4104488,58,35,0
1644037249.412996,26,35,0
1644037249.414263,2,35,0
1644037249.41552,10,35,0
1644037249.418124,51,35,0
1644037249.420504,68,35,0
1644037249.421563,54,35,0
1644037249.42416,22,35,0
1644037249.425211,-18,35,0
1644037249.427941,-26,35,0
1644037249.4292219,-6,35,0
1644037249.4316869,2,35,0
1644037249.434231,2,35,0
1644037249.435447,5,35,0
1644037249.439022,5,35,0
1644037249.440309,-4,35,0
1644037249.4416158,-3,35,0
1644037249.444244,3,35,0
1644037249.44544,0,35,0
1644037249.446701,-11,35,0
1644037249.449033,-9,35,0
1644037249.45176,8,35,0
1644037249.4542809,23,35,0
1644037249.455307,27,35,0
1644037249.456589,28,35,0
1644037249.459019,26,35,0
1644037249.461728,20,35,0
1644037249.463017,2,35,0
1644037249.464244,-20,35,0
1644037249.466711,-27,35,0
1644037249.469232,-12,35,0
1644037249.470447,10,35,0
1644037249.4728498,22,35,0
1644037249.4740741,28,35,0
1644037249.476769,25,35,0
1644037249.479245,6,35,0
1644037249.480729,-1,35,0
1644037249.484241,9,35,0
1644037249.485441,12,35,0
1644037249.486785,7,35,0
1644037249.489037,5,35,0
1644037249.491627,6,35,0
1644037249.493005,21,35,0
1644037249.494356,45,35,0
1644037249.496583,45,35,0
1644037249.499188,36,35,0
1644037249.500546,36,35,0
1644037249.501726,29,35,0
1644037249.504242,25,35,0
1644037249.5065641,42,35,0
1644037249.507863,69,35,0
1644037249.508992,77,35,0
1644037249.514267,72,35,0
1644037249.515442,52,35,0
1644037249.516715,36,35,0
1644037249.5178828,26,35,0
1644037249.520424,22,35,0
1644037249.5215209,23,35,0
1644037249.52277,2,35,0
1644037249.525407,-26,35,0
1644037249.529044,-51,35,0
1644037249.574118,-50,35,0
1644037249.575289,-24,35,0
1644037249.576758,-5,35,0
1644037249.578032,-8,35,0
1644037249.5818582,-22,35,0
1644037249.5819578,-17,35,0
1644037249.5820491,6,35,0
1644037249.582137,25,35,0
1644037249.582224,25,35,0
1644037249.582311,24,35,0
1644037249.582398,36,35,0
1644037249.58253,45,35,0
1644037249.582738,48,35,0
1644037249.5828302,54,35,0
1644037249.5829172,58,35,0
1644037249.583004,54,35,0
1644037249.5830889,50,35,0
1644037249.583175,38,35,0
1644037249.5832598,11,35,0
1644037249.583346,4,35,0
1644037249.583431,17,35,0
1644037249.583516,37,35,0
1644037249.583602,54,35,0
1644037249.583688,58,35,0
1644037249.583773,56,35,0
1644037249.5839539,52,35,0
1644037249.5840409,32,35,0
1644037249.584127,0,35,0
1644037249.585454,-12,35,0
1644037249.586737,-5,35,0
1644037249.589097,-1,35,0
1644037249.5903099,-6,35,0
1644037249.59149,3,35,0
1644037249.5942762,41,35,0
1644037249.596639,71,35,0
1644037249.598006,58,35,0
1644037249.599215,33,35,0
1644037249.601727,26,35,0
1644037249.6042938,33,35,0
1644037249.605355,16,35,0
1644037249.607929,-22,35,0
1644037249.609131,-51,35,0
1644037249.6116219,-30,35,0
1644037249.612868,-1,35,0
1644037249.615571,4,35,0
1644037249.616742,-3,35,0
1644037249.6192188,8,35,0
1644037249.62045,25,35,0
1644037249.622795,39,35,0
1644037249.6253068,41,35,0
1644037249.626774,43,35,0
1644037249.6292632,53,35,0
1644037249.630568,51,35,0
1644037249.634235,28,35,0
1644037249.635442,22,35,0
1644037249.637055,43,35,0
1644037249.637841,71,35,0
1644037249.6404421,73,35,0
1644037249.642826,55,35,0
1644037249.644282,49,35,0
1644037249.646722,59,35,0
1644037249.649204,72,35,0
1644037249.6505358,68,35,0
1644037249.652961,55,35,0
1644037249.654222,29,35,0
1644037249.656586,12,35,0
1644037249.6578739,21,35,0
1644037249.6605031,32,35,0
1644037249.664187,22,35,0
1644037249.6655319,4,35,0
1644037249.666753,9,35,0
1644037249.6692228,35,35,0
1644037249.670464,54,35,0
1644037249.671555,56,35,0
1644037249.674009,50,35,0
1644037249.675241,60,35,0
1644037249.679256,86,35,0
1644037249.680589,102,35,0
1644037249.681688,97,35,0
1644037249.684235,77,35,0
1644037249.6854458,67,35,0
1644037249.6879091,42,35,0
1644037249.68918,11,35,0
1644037249.6915772,-10,35,0
1644037249.696527,-6,35,0
1644037249.698037,16,35,0
1644037249.6991959,20,35,0
1644037249.7005131,7,35,0
1644037249.701804,-8,35,0
1644037249.70425,-18,35,0
1644037249.7054121,-17,35,0
1644037249.7065148,-13,35,0
1644037249.709028,-2,35,0
1644037249.71055,24,35,0
1644037249.713003,58,35,0
1644037249.7153769,76,35,0
1644037249.716757,72,35,0
1644037249.719242,71,35,0
1644037249.721548,70,35,0
1644037249.724022,61,35,0
1644037249.7252748,72,35,0
1644037249.7279518,100,35,0
1644037249.729229,116,35,0
1644037249.730562,109,35,0
1644037249.731731,98,35,0
1644037249.734236,84,35,0
1644037249.736736,67,35,0
1644037249.739048,54,35,0
1644037249.740253,58,35,0
1644037249.7430139,73,35,0
1644037249.744286,80,35,0
1644037249.746706,67,35,0
1644037249.7480419,65,35,0
1644037249.7504141,80,35,0
1644037249.754113,77,35,0
1644037249.755382,68,35,0
1644037249.7565,51,35,0
1644037249.7591062,25,35,0
1644037249.7604532,1,35,0
1644037249.76178,-38,35,0
1644037249.764205,-54,35,0
1644037249.765551,-41,35,0
1644037249.769217,-19,35,0
1644037249.7704651,2,35,0
1644037249.77166,17,35,0
1644037249.774139,4,35,0
1644037249.775279,-9,35,0
1644037249.777953,8,35,0
1644037249.779298,33,35,0
1644037249.781536,34,35,0
1644037249.784242,32,35,0
1644037249.7854521,40,35,0
1644037249.786829,48,35,0
1644037249.789046,41,35,0
1644037249.79024,43,35,0
1644037249.7929668,55,35,0
1644037249.795501,49,35,0
1644037249.7966511,27,35,0
1644037249.799197,9,35,0
1644037249.800525,12,35,0
1644037249.802956,25,35,0
1644037249.8053079,33,35,0
1644037249.806512,28,35,0
1644037249.807762,25,35,0
1644037249.875309,28,35,0
1644037249.876876,23,35,0
1644037249.8992178,-1,35,0
1644037249.9005802,-14,35,0
1644037249.901782,-6,35,0
1644037249.9093041,27,35,0
1644037249.9094012,56,35,0
1644037249.909489,65,35,0
1644037249.909575,61,35,0
1644037249.909662,58,35,0
1644037249.909748,45,35,0
1644037249.909833,38,35,0
1644037249.909918,26,35,0
1644037249.910097,17,35,0
1644037249.910246,0,35,0
1644037249.910337,-17,35,0
1644037249.9104252,-9,35,0
1644037249.9105122,8,35,0
1644037249.9105978,-5,35,0
1644037249.9107,-52,35,0
1644037249.9107862,-70,35,0
1644037249.910871,-28,35,0
1644037249.9109561,8,35,0
1644037249.911041,22,35,0
1644037249.911125,29,35,0
1644037249.9112089,55,35,0
1644037249.9113758,80,35,0
1644037249.9114618,82,35,0
1644037249.9115462,82,35,0
1644037249.9116302,84,35,0
1644037249.911714,73,35,0
1644037249.911798,59,35,0
1644037249.911882,57,35,0
1644037249.91201,57,35,0
1644037249.9120939,50,35,0
1644037249.912179,49,35,0
1644037249.912263,60,35,0
1644037249.9123468,72,35,0
1644037249.91243,76,35,0
1644037249.9126332,69,35,0
1644037249.912719,42,35,0
1644037249.912807,13,35,0
1644037249.9128919,8,35,0
1644037249.9129758,28,35,0
1644037249.9130602,42,35,0
1644037249.9131432,35,35,0
1644037249.913227,11,35,0
1644037249.913312,-6,35,0
1644037249.913396,-4,35,0
1644037249.913481,1,35,0
1644037249.91425,-1,35,0
1644037249.914382,-2,35,0
1644037249.9145012,-10,35,0
1644037249.91555,-22,35,0
1644037249.916776,-35,35,0
1644037249.919243,-28,35,0
1644037249.920457,-18,35,0
1644037249.921563,-12,35,0
1644037249.9240818,-9,35,0
1644037249.926781,1,35,0
1644037249.927958,17,35,0
1644037249.9292958,27,35,0
1644037249.931693,13,35,0
1644037249.9342458,-7,35,0
1644037249.935457,-9,35,0
1644037249.937949,6,35,0
1644037249.9390981,17,35,0
1644037249.941542,32,35,0
1644037249.942966,33,35,0
1644037249.945466,18,35,0
1644037249.949117,8,35,0
1644037249.9502568,11,35,0
1644037249.951444,37,35,0
1644037249.954174,66,35,0
1644037249.955285,82,35,0
1644037249.956521,70,35,0
1644037249.9591832,48,35,0
1644037249.960261,34,35,0
1644037249.9641962,36,35,0
1644037249.965373,51,35,0
1644037249.966433,71,35,0
1644037249.96928,71,35,0
1644037249.970464,58,35,0
1644037249.972814,53,35,0
1644037249.9741619,40,35,0
1644037249.9767601,22,35,0
1644037249.979292,17,35,0
1644037249.980549,24,35,0
1644037249.982988,43,35,0
1644037249.984241,52,35,0
1644037249.986738,54,35,0
1644037249.988179,54,35,0
1644037249.990317,50,35,0
1644037249.991657,49,35,0
1644037249.994251,60,35,0
1644037249.9954581,77,35,0
1644037249.998065,75,35,0
1644037250.0005739,69,35,0
1644037250.001761,66,35,0
1644037250.004263,53,35,0
1644037250.005297,12,35,0
1644037250.009099,-24,35,0
1644037250.0105112,-34,35,0
1644037250.011735,-13,35,0
1644037250.0142689,21,35,0
1644037250.015508,38,35,0
1644037250.018,27,35,0
1644037250.019246,20,35,0
1644037250.021555,23,35,0
1644037250.0241401,33,35,0
1644037250.025252,37,35,0
1644037250.027961,38,35,0
1644037250.02927,29,35,0
1644037250.0316951,26,35,0
1644037250.040242,42,54,0
1644037250.041585,64,54,0
1644037250.042971,74,54,0
1644037250.044289,81,54,0
1644037250.0454662,87,54,0
1644037250.046718,81,54,0
1644037250.0478358,59,54,0
1644037250.0505059,50,54,0
1644037250.052002,41,54,0
1644037250.054085,33,54,0
1644037250.055268,27,54,0
1644037250.056556,28,54,0
1644037250.057782,20,54,0
1644037250.0588841,5,54,0
1644037250.062709,-3,54,0
1644037250.06389,-7,54,0
1644037250.069043,-5,54,0
1644037250.070276,2,54,0
1644037250.071399,12,54,0
1644037250.0726972,16,54,0
1644037250.073926,21,54,0
1644037250.0778508,37,54,0
1644037250.0791638,51,54,0
1644037250.0804532,54,54,0
1644037250.0816371,44,54,0
1644037250.083885,32,54,0
1644037250.085342,34,54,0
1644037250.088943,40,54,0
1644037250.090188,27,54,0
1644037250.091388,4,54,0
1644037250.092903,-11,54,0
1644037250.0941892,-20,54,0
1644037250.095387,-14,54,0
